mode: atomic
github.com/calvarado2004/bakery-go/broker/helpers.go:13.72,14.39 1 7
github.com/calvarado2004/bakery-go/broker/helpers.go:14.39,16.35 2 8
github.com/calvarado2004/bakery-go/broker/helpers.go:16.35,17.34 1 9
github.com/calvarado2004/bakery-go/broker/helpers.go:17.34,19.42 2 6
github.com/calvarado2004/bakery-go/broker/helpers.go:19.42,21.6 1 2
github.com/calvarado2004/bakery-go/broker/helpers.go:22.5,22.10 1 4
github.com/calvarado2004/bakery-go/broker/helpers.go:25.3,25.13 1 6
github.com/calvarado2004/bakery-go/broker/helpers.go:25.13,27.4 1 2
github.com/calvarado2004/bakery-go/broker/helpers.go:29.2,29.13 1 3
github.com/calvarado2004/bakery-go/broker/main.go:29.64,31.2 1 0
github.com/calvarado2004/bakery-go/broker/main.go:43.59,50.2 1 2
github.com/calvarado2004/bakery-go/broker/main.go:60.86,69.85 3 0
github.com/calvarado2004/bakery-go/broker/main.go:69.85,71.17 2 0
github.com/calvarado2004/bakery-go/broker/main.go:71.17,73.4 1 0
github.com/calvarado2004/bakery-go/broker/main.go:74.3,75.13 2 0
github.com/calvarado2004/bakery-go/broker/main.go:77.2,77.20 1 0
github.com/calvarado2004/bakery-go/broker/main.go:80.110,89.85 3 0
github.com/calvarado2004/bakery-go/broker/main.go:89.85,91.17 2 0
github.com/calvarado2004/bakery-go/broker/main.go:91.17,93.4 1 0
github.com/calvarado2004/bakery-go/broker/main.go:94.3,95.13 2 0
github.com/calvarado2004/bakery-go/broker/main.go:97.2,97.20 1 0
github.com/calvarado2004/bakery-go/broker/main.go:100.100,109.85 3 0
github.com/calvarado2004/bakery-go/broker/main.go:109.85,111.17 2 0
github.com/calvarado2004/bakery-go/broker/main.go:111.17,113.4 1 0
github.com/calvarado2004/bakery-go/broker/main.go:114.3,115.13 2 0
github.com/calvarado2004/bakery-go/broker/main.go:117.2,117.20 1 0
github.com/calvarado2004/bakery-go/broker/main.go:121.73,127.2 1 0
github.com/calvarado2004/bakery-go/broker/main.go:153.129,154.19 1 2
github.com/calvarado2004/bakery-go/broker/main.go:154.19,156.3 1 2
github.com/calvarado2004/bakery-go/broker/main.go:157.2,166.3 2 2
github.com/calvarado2004/bakery-go/broker/main.go:171.72,173.42 1 0
github.com/calvarado2004/bakery-go/broker/main.go:173.42,175.3 1 0
github.com/calvarado2004/bakery-go/broker/main.go:178.2,183.79 3 0
github.com/calvarado2004/bakery-go/broker/main.go:187.32,188.26 1 0
github.com/calvarado2004/bakery-go/broker/main.go:188.26,190.3 1 0
github.com/calvarado2004/bakery-go/broker/main.go:191.2,191.17 1 0
github.com/calvarado2004/bakery-go/broker/main.go:195.63,199.6 3 0
github.com/calvarado2004/bakery-go/broker/main.go:199.6,200.10 1 0
github.com/calvarado2004/bakery-go/broker/main.go:201.21,202.10 1 0
github.com/calvarado2004/bakery-go/broker/main.go:203.19,204.10 1 0
github.com/calvarado2004/bakery-go/broker/main.go:205.19,206.58 1 0
github.com/calvarado2004/bakery-go/broker/main.go:206.58,207.61 1 0
github.com/calvarado2004/bakery-go/broker/main.go:207.61,211.6 1 0
github.com/calvarado2004/bakery-go/broker/main.go:218.47,220.16 2 0
github.com/calvarado2004/bakery-go/broker/main.go:220.16,222.3 1 0
github.com/calvarado2004/bakery-go/broker/main.go:223.2,226.16 3 0
github.com/calvarado2004/bakery-go/broker/main.go:226.16,228.3 1 0
github.com/calvarado2004/bakery-go/broker/main.go:229.2,234.16 2 0
github.com/calvarado2004/bakery-go/broker/main.go:234.16,236.3 1 0
github.com/calvarado2004/bakery-go/broker/main.go:239.2,241.16 1 0
github.com/calvarado2004/bakery-go/broker/main.go:241.16,243.3 1 0
github.com/calvarado2004/bakery-go/broker/main.go:245.2,246.12 2 0
github.com/calvarado2004/bakery-go/broker/main.go:250.66,253.16 2 0
github.com/calvarado2004/bakery-go/broker/main.go:253.16,256.3 2 0
github.com/calvarado2004/bakery-go/broker/main.go:258.2,259.16 2 0
github.com/calvarado2004/bakery-go/broker/main.go:259.16,263.3 3 0
github.com/calvarado2004/bakery-go/broker/main.go:266.2,269.28 2 0
github.com/calvarado2004/bakery-go/broker/main.go:273.105,277.6 3 0
github.com/calvarado2004/bakery-go/broker/main.go:277.6,278.10 1 0
github.com/calvarado2004/bakery-go/broker/main.go:279.21,281.10 2 0
github.com/calvarado2004/bakery-go/broker/main.go:282.19,284.10 2 0
github.com/calvarado2004/bakery-go/broker/main.go:285.19,287.22 2 0
github.com/calvarado2004/bakery-go/broker/main.go:287.22,290.5 2 0
github.com/calvarado2004/bakery-go/broker/main.go:291.11,292.40 1 0
github.com/calvarado2004/bakery-go/broker/main.go:292.40,296.5 3 0
github.com/calvarado2004/bakery-go/broker/main.go:297.4,297.37 1 0
github.com/calvarado2004/bakery-go/broker/main.go:303.66,304.6 1 0
github.com/calvarado2004/bakery-go/broker/main.go:304.6,305.10 1 0
github.com/calvarado2004/bakery-go/broker/main.go:306.21,307.10 1 0
github.com/calvarado2004/bakery-go/broker/main.go:308.19,309.10 1 0
github.com/calvarado2004/bakery-go/broker/main.go:310.11,310.11 0 0
github.com/calvarado2004/bakery-go/broker/main.go:313.3,313.45 1 0
github.com/calvarado2004/bakery-go/broker/main.go:313.45,315.11 2 0
github.com/calvarado2004/bakery-go/broker/main.go:316.22,317.11 1 0
github.com/calvarado2004/bakery-go/broker/main.go:318.20,319.11 1 0
github.com/calvarado2004/bakery-go/broker/main.go:320.40,321.13 1 0
github.com/calvarado2004/bakery-go/broker/main.go:325.3,326.10 2 0
github.com/calvarado2004/bakery-go/broker/main.go:327.21,328.10 1 0
github.com/calvarado2004/bakery-go/broker/main.go:329.19,330.10 1 0
github.com/calvarado2004/bakery-go/broker/main.go:331.39,331.39 0 0
github.com/calvarado2004/bakery-go/broker/main.go:339.49,341.16 2 0
github.com/calvarado2004/bakery-go/broker/main.go:341.16,344.3 2 0
github.com/calvarado2004/bakery-go/broker/main.go:345.2,348.16 3 0
github.com/calvarado2004/bakery-go/broker/main.go:348.16,351.3 2 0
github.com/calvarado2004/bakery-go/broker/main.go:352.2,355.49 2 0
github.com/calvarado2004/bakery-go/broker/main.go:355.49,357.3 1 0
github.com/calvarado2004/bakery-go/broker/main.go:359.2,368.16 2 0
github.com/calvarado2004/bakery-go/broker/main.go:368.16,370.3 1 0
github.com/calvarado2004/bakery-go/broker/main.go:372.2,374.41 2 0
github.com/calvarado2004/bakery-go/broker/main.go:374.41,376.3 1 0
github.com/calvarado2004/bakery-go/broker/main.go:378.2,378.12 1 0
github.com/calvarado2004/bakery-go/broker/main.go:385.88,387.62 2 3
github.com/calvarado2004/bakery-go/broker/main.go:387.62,391.3 3 1
github.com/calvarado2004/bakery-go/broker/main.go:393.2,399.16 4 2
github.com/calvarado2004/bakery-go/broker/main.go:399.16,403.3 3 0
github.com/calvarado2004/bakery-go/broker/main.go:405.2,405.22 1 2
github.com/calvarado2004/bakery-go/broker/main.go:405.22,410.3 3 1
github.com/calvarado2004/bakery-go/broker/main.go:412.2,412.26 1 1
github.com/calvarado2004/bakery-go/broker/main.go:412.26,414.3 1 1
github.com/calvarado2004/bakery-go/broker/main.go:417.2,420.94 3 1
github.com/calvarado2004/bakery-go/broker/main.go:424.63,426.2 1 0
github.com/calvarado2004/bakery-go/broker/main.go:431.60,433.37 2 2
github.com/calvarado2004/bakery-go/broker/main.go:433.37,440.3 1 1
github.com/calvarado2004/bakery-go/broker/main.go:442.2,452.3 1 2
github.com/calvarado2004/bakery-go/broker/main.go:456.13,467.16 6 0
github.com/calvarado2004/bakery-go/broker/main.go:467.16,469.3 1 0
github.com/calvarado2004/bakery-go/broker/main.go:470.2,481.9 7 0
github.com/calvarado2004/bakery-go/broker/matching.go:29.44,33.2 3 2
github.com/calvarado2004/bakery-go/broker/matching.go:35.47,38.24 3 2
github.com/calvarado2004/bakery-go/broker/matching.go:38.24,40.3 1 1
github.com/calvarado2004/bakery-go/broker/matching.go:41.2,43.12 3 1
github.com/calvarado2004/bakery-go/broker/matching.go:46.33,50.2 3 5
github.com/calvarado2004/bakery-go/broker/matching.go:54.43,55.20 1 0
github.com/calvarado2004/bakery-go/broker/matching.go:55.20,57.3 1 0
github.com/calvarado2004/bakery-go/broker/matching.go:58.2,58.38 1 0
github.com/calvarado2004/bakery-go/broker/matching.go:58.38,59.33 1 0
github.com/calvarado2004/bakery-go/broker/matching.go:59.33,61.4 1 0
github.com/calvarado2004/bakery-go/broker/matching.go:63.2,63.19 1 0
github.com/calvarado2004/bakery-go/broker/matching.go:75.106,76.22 1 1
github.com/calvarado2004/bakery-go/broker/matching.go:76.22,78.3 1 0
github.com/calvarado2004/bakery-go/broker/matching.go:81.2,81.41 1 1
github.com/calvarado2004/bakery-go/broker/matching.go:81.41,84.19 3 0
github.com/calvarado2004/bakery-go/broker/matching.go:84.19,86.4 1 0
github.com/calvarado2004/bakery-go/broker/matching.go:87.3,87.61 1 0
github.com/calvarado2004/bakery-go/broker/matching.go:90.2,95.26 3 1
github.com/calvarado2004/bakery-go/broker/matching.go:95.26,98.20 3 1
github.com/calvarado2004/bakery-go/broker/matching.go:98.20,100.4 1 1
github.com/calvarado2004/bakery-go/broker/matching.go:105.2,105.27 1 1
github.com/calvarado2004/bakery-go/broker/matching.go:105.27,111.17 3 1
github.com/calvarado2004/bakery-go/broker/matching.go:111.17,113.4 1 0
github.com/calvarado2004/bakery-go/broker/matching.go:113.9,115.4 1 1
github.com/calvarado2004/bakery-go/broker/matching.go:122.120,133.37 8 1
github.com/calvarado2004/bakery-go/broker/matching.go:133.37,134.26 1 1
github.com/calvarado2004/bakery-go/broker/matching.go:134.26,140.12 2 0
github.com/calvarado2004/bakery-go/broker/matching.go:144.3,149.40 2 1
github.com/calvarado2004/bakery-go/broker/matching.go:149.40,152.56 3 0
github.com/calvarado2004/bakery-go/broker/matching.go:152.56,154.5 1 0
github.com/calvarado2004/bakery-go/broker/matching.go:154.10,156.5 1 0
github.com/calvarado2004/bakery-go/broker/matching.go:157.4,162.12 2 0
github.com/calvarado2004/bakery-go/broker/matching.go:165.3,173.48 4 1
github.com/calvarado2004/bakery-go/broker/matching.go:177.2,178.37 2 1
github.com/calvarado2004/bakery-go/broker/matching.go:178.37,180.3 1 1
github.com/calvarado2004/bakery-go/broker/matching.go:183.2,184.40 2 1
github.com/calvarado2004/bakery-go/broker/matching.go:184.40,186.3 1 0
github.com/calvarado2004/bakery-go/broker/matching.go:186.8,186.91 1 1
github.com/calvarado2004/bakery-go/broker/matching.go:186.91,188.3 1 1
github.com/calvarado2004/bakery-go/broker/matching.go:188.8,188.39 1 0
github.com/calvarado2004/bakery-go/broker/matching.go:188.39,190.3 1 0
github.com/calvarado2004/bakery-go/broker/matching.go:190.8,192.3 1 0
github.com/calvarado2004/bakery-go/broker/matching.go:194.2,210.16 5 1
github.com/calvarado2004/bakery-go/broker/matching.go:210.16,212.3 1 0
github.com/calvarado2004/bakery-go/broker/matching.go:212.8,217.18 1 1
github.com/calvarado2004/bakery-go/broker/matching.go:217.18,219.4 1 0
github.com/calvarado2004/bakery-go/broker/matching.go:222.2,224.15 2 1
github.com/calvarado2004/bakery-go/broker/matching.go:228.85,230.29 2 1
github.com/calvarado2004/bakery-go/broker/matching.go:230.29,237.3 1 1
github.com/calvarado2004/bakery-go/broker/matching.go:238.2,238.15 1 1
github.com/calvarado2004/bakery-go/buyers/main.go:31.13,39.16 3 0
github.com/calvarado2004/bakery-go/buyers/main.go:39.16,41.3 1 0
github.com/calvarado2004/bakery-go/buyers/main.go:43.2,48.40 2 0
github.com/calvarado2004/bakery-go/buyers/main.go:48.40,51.17 3 0
github.com/calvarado2004/bakery-go/buyers/main.go:51.17,53.4 1 0
github.com/calvarado2004/bakery-go/buyers/main.go:56.2,56.6 1 0
github.com/calvarado2004/bakery-go/buyers/main.go:56.6,78.13 15 0
github.com/calvarado2004/bakery-go/buyers/main.go:78.13,82.4 3 0
github.com/calvarado2004/bakery-go/buyers/main.go:84.3,84.10 1 0
github.com/calvarado2004/bakery-go/buyers/main.go:85.21,91.74 5 0
github.com/calvarado2004/bakery-go/buyers/main.go:92.25,95.12 3 0
github.com/calvarado2004/bakery-go/buyers/main.go:102.176,105.6 1 7
github.com/calvarado2004/bakery-go/buyers/main.go:105.6,106.10 1 8
github.com/calvarado2004/bakery-go/buyers/main.go:107.23,206.44 12 6
github.com/calvarado2004/bakery-go/buyers/main.go:206.44,208.5 1 42
github.com/calvarado2004/bakery-go/buyers/main.go:210.4,211.18 2 6
github.com/calvarado2004/bakery-go/buyers/main.go:211.18,215.5 3 5
github.com/calvarado2004/bakery-go/buyers/main.go:217.4,223.19 3 1
github.com/calvarado2004/bakery-go/buyers/main.go:230.155,237.16 3 9
github.com/calvarado2004/bakery-go/buyers/main.go:237.16,241.3 3 4
github.com/calvarado2004/bakery-go/buyers/main.go:244.2,244.6 1 5
github.com/calvarado2004/bakery-go/buyers/main.go:244.6,246.10 2 5
github.com/calvarado2004/bakery-go/buyers/main.go:247.26,249.8 1 4
github.com/calvarado2004/bakery-go/buyers/main.go:249.8,252.22 3 8
github.com/calvarado2004/bakery-go/buyers/main.go:252.22,257.6 3 3
github.com/calvarado2004/bakery-go/buyers/main.go:258.5,258.19 1 5
github.com/calvarado2004/bakery-go/buyers/main.go:258.19,262.6 3 1
github.com/calvarado2004/bakery-go/buyers/main.go:265.5,265.120 1 4
github.com/calvarado2004/bakery-go/buyers/main.go:268.21,271.10 2 1
github.com/calvarado2004/bakery-go/data/models.go:26.62,31.2 2 41
github.com/calvarado2004/bakery-go/data/models.go:35.49,37.2 1 2
github.com/calvarado2004/bakery-go/data/models.go:41.51,43.2 1 0
github.com/calvarado2004/bakery-go/data/models.go:143.90,150.16 5 0
github.com/calvarado2004/bakery-go/data/models.go:150.16,152.3 1 0
github.com/calvarado2004/bakery-go/data/models.go:154.2,154.12 1 0
github.com/calvarado2004/bakery-go/data/models.go:158.78,166.16 6 2
github.com/calvarado2004/bakery-go/data/models.go:166.16,167.36 1 0
github.com/calvarado2004/bakery-go/data/models.go:167.36,169.4 1 0
github.com/calvarado2004/bakery-go/data/models.go:170.3,171.16 2 0
github.com/calvarado2004/bakery-go/data/models.go:174.2,174.18 1 2
github.com/calvarado2004/bakery-go/data/models.go:174.18,176.3 1 0
github.com/calvarado2004/bakery-go/data/models.go:178.2,178.27 1 2
github.com/calvarado2004/bakery-go/data/models.go:181.77,187.16 4 20
github.com/calvarado2004/bakery-go/data/models.go:187.16,189.3 1 0
github.com/calvarado2004/bakery-go/data/models.go:191.2,202.16 4 20
github.com/calvarado2004/bakery-go/data/models.go:202.16,205.3 2 0
github.com/calvarado2004/bakery-go/data/models.go:207.2,207.19 1 20
github.com/calvarado2004/bakery-go/data/models.go:210.68,230.16 6 22
github.com/calvarado2004/bakery-go/data/models.go:230.16,233.3 2 0
github.com/calvarado2004/bakery-go/data/models.go:235.2,235.19 1 22
github.com/calvarado2004/bakery-go/data/models.go:238.78,253.16 6 7
github.com/calvarado2004/bakery-go/data/models.go:253.16,256.3 2 0
github.com/calvarado2004/bakery-go/data/models.go:258.2,258.19 1 7
github.com/calvarado2004/bakery-go/data/models.go:264.90,269.16 4 23
github.com/calvarado2004/bakery-go/data/models.go:269.16,272.3 2 0
github.com/calvarado2004/bakery-go/data/models.go:273.2,281.16 5 23
github.com/calvarado2004/bakery-go/data/models.go:281.16,284.3 2 0
github.com/calvarado2004/bakery-go/data/models.go:286.2,286.31 1 23
github.com/calvarado2004/bakery-go/data/models.go:286.31,290.17 3 36
github.com/calvarado2004/bakery-go/data/models.go:290.17,293.4 2 0
github.com/calvarado2004/bakery-go/data/models.go:296.2,296.35 1 23
github.com/calvarado2004/bakery-go/data/models.go:296.35,299.3 2 0
github.com/calvarado2004/bakery-go/data/models.go:301.2,301.19 1 23
github.com/calvarado2004/bakery-go/data/models.go:306.92,311.16 4 3
github.com/calvarado2004/bakery-go/data/models.go:311.16,314.3 2 0
github.com/calvarado2004/bakery-go/data/models.go:315.2,324.16 5 3
github.com/calvarado2004/bakery-go/data/models.go:324.16,327.3 2 0
github.com/calvarado2004/bakery-go/data/models.go:329.2,329.31 1 3
github.com/calvarado2004/bakery-go/data/models.go:329.31,333.17 3 4
github.com/calvarado2004/bakery-go/data/models.go:333.17,336.4 2 0
github.com/calvarado2004/bakery-go/data/models.go:338.3,339.17 2 4
github.com/calvarado2004/bakery-go/data/models.go:339.17,342.4 2 0
github.com/calvarado2004/bakery-go/data/models.go:345.2,345.35 1 3
github.com/calvarado2004/bakery-go/data/models.go:345.35,348.3 2 0
github.com/calvarado2004/bakery-go/data/models.go:350.2,350.19 1 3
github.com/calvarado2004/bakery-go/data/models.go:354.97,368.16 9 8
github.com/calvarado2004/bakery-go/data/models.go:368.16,372.3 3 0
github.com/calvarado2004/bakery-go/data/models.go:375.2,379.21 3 8
github.com/calvarado2004/bakery-go/data/models.go:379.21,382.3 1 2
github.com/calvarado2004/bakery-go/data/models.go:384.2,384.23 1 6
github.com/calvarado2004/bakery-go/data/models.go:384.23,388.3 3 0
github.com/calvarado2004/bakery-go/data/models.go:391.2,393.16 3 6
github.com/calvarado2004/bakery-go/data/models.go:393.16,395.54 2 0
github.com/calvarado2004/bakery-go/data/models.go:395.54,398.4 1 0
github.com/calvarado2004/bakery-go/data/models.go:399.3,401.25 3 0
github.com/calvarado2004/bakery-go/data/models.go:404.2,404.24 1 6
github.com/calvarado2004/bakery-go/data/models.go:407.84,414.16 5 2
github.com/calvarado2004/bakery-go/data/models.go:414.16,417.3 2 0
github.com/calvarado2004/bakery-go/data/models.go:419.2,419.12 1 2
github.com/calvarado2004/bakery-go/data/models.go:439.67,444.16 4 10
github.com/calvarado2004/bakery-go/data/models.go:444.16,446.3 1 0
github.com/calvarado2004/bakery-go/data/models.go:447.2,453.41 4 10
github.com/calvarado2004/bakery-go/data/models.go:453.41,453.79 1 11
github.com/calvarado2004/bakery-go/data/models.go:455.2,459.31 4 10
github.com/calvarado2004/bakery-go/data/models.go:459.31,468.17 4 21
github.com/calvarado2004/bakery-go/data/models.go:468.17,470.4 1 0
github.com/calvarado2004/bakery-go/data/models.go:472.3,472.22 1 21
github.com/calvarado2004/bakery-go/data/models.go:472.22,474.56 1 4
github.com/calvarado2004/bakery-go/data/models.go:474.56,480.19 2 2
github.com/calvarado2004/bakery-go/data/models.go:480.19,482.6 1 0
github.com/calvarado2004/bakery-go/data/models.go:483.5,484.43 1 2
github.com/calvarado2004/bakery-go/data/models.go:485.10,492.19 3 2
github.com/calvarado2004/bakery-go/data/models.go:492.19,494.6 1 0
github.com/calvarado2004/bakery-go/data/models.go:495.5,495.75 1 2
github.com/calvarado2004/bakery-go/data/models.go:497.4,497.12 1 4
github.com/calvarado2004/bakery-go/data/models.go:501.3,502.30 2 17
github.com/calvarado2004/bakery-go/data/models.go:502.30,504.4 1 2
github.com/calvarado2004/bakery-go/data/models.go:507.3,511.17 2 17
github.com/calvarado2004/bakery-go/data/models.go:511.17,513.4 1 0
github.com/calvarado2004/bakery-go/data/models.go:516.3,517.34 2 17
github.com/calvarado2004/bakery-go/data/models.go:517.34,519.4 1 2
github.com/calvarado2004/bakery-go/data/models.go:520.3,525.17 2 17
github.com/calvarado2004/bakery-go/data/models.go:525.17,527.4 1 0
github.com/calvarado2004/bakery-go/data/models.go:529.3,530.97 2 17
github.com/calvarado2004/bakery-go/data/models.go:534.2,535.40 2 10
github.com/calvarado2004/bakery-go/data/models.go:535.40,537.3 1 1
github.com/calvarado2004/bakery-go/data/models.go:537.8,537.67 1 9
github.com/calvarado2004/bakery-go/data/models.go:537.67,539.3 1 6
github.com/calvarado2004/bakery-go/data/models.go:539.8,539.31 1 3
github.com/calvarado2004/bakery-go/data/models.go:539.31,541.3 1 3
github.com/calvarado2004/bakery-go/data/models.go:541.8,543.3 1 0
github.com/calvarado2004/bakery-go/data/models.go:545.2,549.16 2 10
github.com/calvarado2004/bakery-go/data/models.go:549.16,551.3 1 0
github.com/calvarado2004/bakery-go/data/models.go:553.2,553.20 1 10
github.com/calvarado2004/bakery-go/data/models.go:560.91,565.16 4 3
github.com/calvarado2004/bakery-go/data/models.go:565.16,567.3 1 0
github.com/calvarado2004/bakery-go/data/models.go:568.2,576.16 4 3
github.com/calvarado2004/bakery-go/data/models.go:576.16,578.3 1 0
github.com/calvarado2004/bakery-go/data/models.go:581.2,582.28 2 3
github.com/calvarado2004/bakery-go/data/models.go:582.28,584.3 1 2
github.com/calvarado2004/bakery-go/data/models.go:586.2,586.20 1 3
github.com/calvarado2004/bakery-go/data/models.go:586.20,588.3 1 1
github.com/calvarado2004/bakery-go/data/models.go:591.2,595.16 2 2
github.com/calvarado2004/bakery-go/data/models.go:595.16,597.3 1 0
github.com/calvarado2004/bakery-go/data/models.go:599.2,599.35 1 2
github.com/calvarado2004/bakery-go/data/models.go:599.35,601.3 1 0
github.com/calvarado2004/bakery-go/data/models.go:603.2,604.23 2 2
github.com/calvarado2004/bakery-go/data/models.go:607.97,609.16 2 3
github.com/calvarado2004/bakery-go/data/models.go:609.16,610.10 1 1
github.com/calvarado2004/bakery-go/data/models.go:611.60,613.21 1 1
github.com/calvarado2004/bakery-go/data/models.go:614.11,616.21 2 0
github.com/calvarado2004/bakery-go/data/models.go:620.2,620.18 1 2
github.com/calvarado2004/bakery-go/data/models.go:624.67,632.16 5 13
github.com/calvarado2004/bakery-go/data/models.go:632.16,635.3 2 0
github.com/calvarado2004/bakery-go/data/models.go:637.2,637.29 1 13
github.com/calvarado2004/bakery-go/data/models.go:637.29,639.17 2 13
github.com/calvarado2004/bakery-go/data/models.go:639.17,642.4 2 0
github.com/calvarado2004/bakery-go/data/models.go:645.2,647.18 2 13
github.com/calvarado2004/bakery-go/data/models.go:647.18,662.17 4 93
github.com/calvarado2004/bakery-go/data/models.go:662.17,665.4 2 0
github.com/calvarado2004/bakery-go/data/models.go:666.3,666.18 1 93
github.com/calvarado2004/bakery-go/data/models.go:666.18,668.4 1 93
github.com/calvarado2004/bakery-go/data/models.go:668.9,670.4 1 0
github.com/calvarado2004/bakery-go/data/models.go:672.3,672.33 1 93
github.com/calvarado2004/bakery-go/data/models.go:675.2,675.20 1 13
github.com/calvarado2004/bakery-go/data/models.go:678.81,698.16 6 18
github.com/calvarado2004/bakery-go/data/models.go:698.16,701.3 2 1
github.com/calvarado2004/bakery-go/data/models.go:702.2,702.17 1 17
github.com/calvarado2004/bakery-go/data/models.go:702.17,704.3 1 17
github.com/calvarado2004/bakery-go/data/models.go:704.8,706.3 1 0
github.com/calvarado2004/bakery-go/data/models.go:708.2,708.19 1 17
github.com/calvarado2004/bakery-go/data/models.go:711.89,724.16 5 0
github.com/calvarado2004/bakery-go/data/models.go:724.16,727.3 2 0
github.com/calvarado2004/bakery-go/data/models.go:729.2,732.16 3 0
github.com/calvarado2004/bakery-go/data/models.go:732.16,735.3 2 0
github.com/calvarado2004/bakery-go/data/models.go:737.2,737.29 1 0
github.com/calvarado2004/bakery-go/data/models.go:737.29,739.17 2 0
github.com/calvarado2004/bakery-go/data/models.go:739.17,741.4 1 0
github.com/calvarado2004/bakery-go/data/models.go:744.2,746.18 2 0
github.com/calvarado2004/bakery-go/data/models.go:746.18,749.17 3 0
github.com/calvarado2004/bakery-go/data/models.go:749.17,752.4 2 0
github.com/calvarado2004/bakery-go/data/models.go:754.3,755.17 2 0
github.com/calvarado2004/bakery-go/data/models.go:755.17,758.4 2 0
github.com/calvarado2004/bakery-go/data/models.go:760.3,761.33 2 0
github.com/calvarado2004/bakery-go/data/models.go:764.2,766.19 2 0
github.com/calvarado2004/bakery-go/data/models.go:769.87,783.16 5 4
github.com/calvarado2004/bakery-go/data/models.go:783.16,786.3 2 0
github.com/calvarado2004/bakery-go/data/models.go:788.2,791.16 3 4
github.com/calvarado2004/bakery-go/data/models.go:791.16,794.3 2 0
github.com/calvarado2004/bakery-go/data/models.go:796.2,796.29 1 4
github.com/calvarado2004/bakery-go/data/models.go:796.29,798.17 2 4
github.com/calvarado2004/bakery-go/data/models.go:798.17,800.4 1 0
github.com/calvarado2004/bakery-go/data/models.go:803.2,805.18 2 4
github.com/calvarado2004/bakery-go/data/models.go:805.18,809.17 4 8
github.com/calvarado2004/bakery-go/data/models.go:809.17,812.4 2 0
github.com/calvarado2004/bakery-go/data/models.go:814.3,818.5 1 8
github.com/calvarado2004/bakery-go/data/models.go:821.2,823.19 2 4
github.com/calvarado2004/bakery-go/data/models.go:826.94,840.16 5 5
github.com/calvarado2004/bakery-go/data/models.go:840.16,841.36 1 4
github.com/calvarado2004/bakery-go/data/models.go:841.36,843.4 1 4
github.com/calvarado2004/bakery-go/data/models.go:844.3,845.20 2 0
github.com/calvarado2004/bakery-go/data/models.go:847.2,852.16 4 1
github.com/calvarado2004/bakery-go/data/models.go:852.16,855.3 2 0
github.com/calvarado2004/bakery-go/data/models.go:857.2,857.29 1 1
github.com/calvarado2004/bakery-go/data/models.go:857.29,859.17 2 1
github.com/calvarado2004/bakery-go/data/models.go:859.17,861.4 1 0
github.com/calvarado2004/bakery-go/data/models.go:864.2,866.18 2 1
github.com/calvarado2004/bakery-go/data/models.go:866.18,870.17 4 1
github.com/calvarado2004/bakery-go/data/models.go:870.17,873.4 2 0
github.com/calvarado2004/bakery-go/data/models.go:875.3,879.5 1 1
github.com/calvarado2004/bakery-go/data/models.go:882.2,884.19 2 1
github.com/calvarado2004/bakery-go/data/models.go:889.79,897.16 5 2
github.com/calvarado2004/bakery-go/data/models.go:897.16,900.3 2 0
github.com/calvarado2004/bakery-go/data/models.go:902.2,902.29 1 2
github.com/calvarado2004/bakery-go/data/models.go:902.29,904.17 2 2
github.com/calvarado2004/bakery-go/data/models.go:904.17,906.4 1 0
github.com/calvarado2004/bakery-go/data/models.go:909.2,909.18 1 2
github.com/calvarado2004/bakery-go/data/models.go:909.18,912.17 3 2
github.com/calvarado2004/bakery-go/data/models.go:912.17,915.4 2 0
github.com/calvarado2004/bakery-go/data/models.go:916.3,921.17 4 2
github.com/calvarado2004/bakery-go/data/models.go:921.17,924.4 2 0
github.com/calvarado2004/bakery-go/data/models.go:926.3,928.25 2 2
github.com/calvarado2004/bakery-go/data/models.go:928.25,932.18 4 3
github.com/calvarado2004/bakery-go/data/models.go:932.18,936.5 3 0
github.com/calvarado2004/bakery-go/data/models.go:938.4,942.6 1 3
github.com/calvarado2004/bakery-go/data/models.go:944.3,947.33 3 2
github.com/calvarado2004/bakery-go/data/models.go:950.2,950.20 1 2
github.com/calvarado2004/bakery-go/data/models.go:957.79,963.16 5 2
github.com/calvarado2004/bakery-go/data/models.go:963.16,966.3 2 0
github.com/calvarado2004/bakery-go/data/models.go:968.2,968.12 1 2
github.com/calvarado2004/bakery-go/data/models.go:974.86,982.16 5 3
github.com/calvarado2004/bakery-go/data/models.go:982.16,985.3 2 0
github.com/calvarado2004/bakery-go/data/models.go:986.2,986.29 1 3
github.com/calvarado2004/bakery-go/data/models.go:986.29,988.17 2 3
github.com/calvarado2004/bakery-go/data/models.go:988.17,990.4 1 0
github.com/calvarado2004/bakery-go/data/models.go:993.2,994.18 2 3
github.com/calvarado2004/bakery-go/data/models.go:994.18,996.85 2 2
github.com/calvarado2004/bakery-go/data/models.go:996.85,999.4 2 0
github.com/calvarado2004/bakery-go/data/models.go:1000.3,1000.35 1 2
github.com/calvarado2004/bakery-go/data/models.go:1002.2,1002.35 1 3
github.com/calvarado2004/bakery-go/data/models.go:1002.35,1005.3 2 0
github.com/calvarado2004/bakery-go/data/models.go:1007.2,1007.22 1 3
github.com/calvarado2004/bakery-go/data/models.go:1019.75,1038.16 6 29
github.com/calvarado2004/bakery-go/data/models.go:1038.16,1039.27 1 6
github.com/calvarado2004/bakery-go/data/models.go:1039.27,1041.4 1 6
github.com/calvarado2004/bakery-go/data/models.go:1042.3,1043.18 2 0
github.com/calvarado2004/bakery-go/data/models.go:1046.2,1046.18 1 23
github.com/calvarado2004/bakery-go/data/models.go:1050.64,1058.16 5 1
github.com/calvarado2004/bakery-go/data/models.go:1058.16,1060.3 1 0
github.com/calvarado2004/bakery-go/data/models.go:1062.2,1062.12 1 1
github.com/calvarado2004/bakery-go/data/models.go:1066.68,1073.16 5 8
github.com/calvarado2004/bakery-go/data/models.go:1073.16,1076.3 2 0
github.com/calvarado2004/bakery-go/data/models.go:1077.2,1077.29 1 8
github.com/calvarado2004/bakery-go/data/models.go:1077.29,1079.17 2 8
github.com/calvarado2004/bakery-go/data/models.go:1079.17,1081.4 1 0
github.com/calvarado2004/bakery-go/data/models.go:1084.2,1085.18 2 8
github.com/calvarado2004/bakery-go/data/models.go:1085.18,1088.17 3 2
github.com/calvarado2004/bakery-go/data/models.go:1088.17,1091.4 2 0
github.com/calvarado2004/bakery-go/data/models.go:1092.3,1092.42 1 2
github.com/calvarado2004/bakery-go/data/models.go:1095.2,1095.23 1 8
github.com/calvarado2004/bakery-go/data/models.go:1099.72,1106.16 5 5
github.com/calvarado2004/bakery-go/data/models.go:1106.16,1109.3 2 0
github.com/calvarado2004/bakery-go/data/models.go:1110.2,1110.29 1 5
github.com/calvarado2004/bakery-go/data/models.go:1110.29,1112.17 2 5
github.com/calvarado2004/bakery-go/data/models.go:1112.17,1114.4 1 0
github.com/calvarado2004/bakery-go/data/models.go:1117.2,1118.18 2 5
github.com/calvarado2004/bakery-go/data/models.go:1118.18,1121.17 3 4
github.com/calvarado2004/bakery-go/data/models.go:1121.17,1124.4 2 0
github.com/calvarado2004/bakery-go/data/models.go:1125.3,1125.33 1 4
github.com/calvarado2004/bakery-go/data/models.go:1128.2,1128.20 1 5
github.com/calvarado2004/bakery-go/data/models.go:1132.75,1140.16 5 2
github.com/calvarado2004/bakery-go/data/models.go:1140.16,1142.3 1 0
github.com/calvarado2004/bakery-go/data/models.go:1145.2,1146.16 2 2
github.com/calvarado2004/bakery-go/data/models.go:1146.16,1148.3 1 0
github.com/calvarado2004/bakery-go/data/models.go:1151.2,1152.16 2 2
github.com/calvarado2004/bakery-go/data/models.go:1152.16,1154.3 1 0
github.com/calvarado2004/bakery-go/data/models.go:1157.2,1158.16 2 2
github.com/calvarado2004/bakery-go/data/models.go:1158.16,1160.3 1 0
github.com/calvarado2004/bakery-go/data/models.go:1163.2,1164.16 2 2
github.com/calvarado2004/bakery-go/data/models.go:1164.16,1166.3 1 0
github.com/calvarado2004/bakery-go/data/models.go:1169.2,1170.16 2 2
github.com/calvarado2004/bakery-go/data/models.go:1170.16,1172.3 1 0
github.com/calvarado2004/bakery-go/data/models.go:1174.2,1174.19 1 2
github.com/calvarado2004/bakery-go/data/models.go:1178.61,1185.16 5 1
github.com/calvarado2004/bakery-go/data/models.go:1185.16,1188.3 2 0
github.com/calvarado2004/bakery-go/data/models.go:1190.2,1190.12 1 1
github.com/calvarado2004/bakery-go/data/models.go:1194.61,1201.16 5 1
github.com/calvarado2004/bakery-go/data/models.go:1201.16,1204.3 2 0
github.com/calvarado2004/bakery-go/data/models.go:1206.2,1206.12 1 1
github.com/calvarado2004/bakery-go/data/models.go:1210.79,1217.16 5 1
github.com/calvarado2004/bakery-go/data/models.go:1217.16,1220.3 2 0
github.com/calvarado2004/bakery-go/data/models.go:1221.2,1221.29 1 1
github.com/calvarado2004/bakery-go/data/models.go:1221.29,1223.17 2 1
github.com/calvarado2004/bakery-go/data/models.go:1223.17,1225.4 1 0
github.com/calvarado2004/bakery-go/data/models.go:1228.2,1229.18 2 1
github.com/calvarado2004/bakery-go/data/models.go:1229.18,1243.17 3 0
github.com/calvarado2004/bakery-go/data/models.go:1243.17,1246.4 2 0
github.com/calvarado2004/bakery-go/data/models.go:1247.3,1247.33 1 0
github.com/calvarado2004/bakery-go/data/models.go:1250.2,1250.20 1 1
github.com/calvarado2004/bakery-go/data/models.go:1254.84,1261.16 5 1
github.com/calvarado2004/bakery-go/data/models.go:1261.16,1264.3 2 0
github.com/calvarado2004/bakery-go/data/models.go:1265.2,1265.29 1 1
github.com/calvarado2004/bakery-go/data/models.go:1265.29,1267.17 2 1
github.com/calvarado2004/bakery-go/data/models.go:1267.17,1269.4 1 0
github.com/calvarado2004/bakery-go/data/models.go:1272.2,1273.18 2 1
github.com/calvarado2004/bakery-go/data/models.go:1273.18,1276.17 3 2
github.com/calvarado2004/bakery-go/data/models.go:1276.17,1279.4 2 0
github.com/calvarado2004/bakery-go/data/models.go:1282.3,1284.17 3 2
github.com/calvarado2004/bakery-go/data/models.go:1284.17,1286.12 2 0
github.com/calvarado2004/bakery-go/data/models.go:1289.3,1289.25 1 2
github.com/calvarado2004/bakery-go/data/models.go:1289.25,1293.18 4 3
github.com/calvarado2004/bakery-go/data/models.go:1293.18,1295.13 2 0
github.com/calvarado2004/bakery-go/data/models.go:1298.4,1302.6 1 3
github.com/calvarado2004/bakery-go/data/models.go:1304.3,1306.33 2 2
github.com/calvarado2004/bakery-go/data/models.go:1309.2,1309.20 1 1
github.com/calvarado2004/bakery-go/data/models.go:1313.79,1320.16 5 1
github.com/calvarado2004/bakery-go/data/models.go:1320.16,1323.3 2 0
github.com/calvarado2004/bakery-go/data/models.go:1324.2,1324.29 1 1
github.com/calvarado2004/bakery-go/data/models.go:1324.29,1326.17 2 1
github.com/calvarado2004/bakery-go/data/models.go:1326.17,1328.4 1 0
github.com/calvarado2004/bakery-go/data/models.go:1331.2,1332.18 2 1
github.com/calvarado2004/bakery-go/data/models.go:1332.18,1335.17 3 2
github.com/calvarado2004/bakery-go/data/models.go:1335.17,1338.4 2 0
github.com/calvarado2004/bakery-go/data/models.go:1341.3,1343.17 3 2
github.com/calvarado2004/bakery-go/data/models.go:1343.17,1345.12 2 0
github.com/calvarado2004/bakery-go/data/models.go:1348.3,1348.25 1 2
github.com/calvarado2004/bakery-go/data/models.go:1348.25,1351.18 3 2
github.com/calvarado2004/bakery-go/data/models.go:1351.18,1353.13 2 0
github.com/calvarado2004/bakery-go/data/models.go:1356.4,1357.18 2 2
github.com/calvarado2004/bakery-go/data/models.go:1357.18,1358.13 1 0
github.com/calvarado2004/bakery-go/data/models.go:1360.4,1361.46 2 2
github.com/calvarado2004/bakery-go/data/models.go:1363.3,1365.33 2 2
github.com/calvarado2004/bakery-go/data/models.go:1368.2,1368.20 1 1
github.com/calvarado2004/bakery-go/data/models.go:1372.80,1386.16 6 1
github.com/calvarado2004/bakery-go/data/models.go:1386.16,1389.3 2 0
github.com/calvarado2004/bakery-go/data/models.go:1391.2,1391.22 1 1
github.com/calvarado2004/bakery-go/data/models.go:1395.81,1409.16 6 1
github.com/calvarado2004/bakery-go/data/models.go:1409.16,1412.3 2 0
github.com/calvarado2004/bakery-go/data/models.go:1414.2,1414.19 1 1
github.com/calvarado2004/bakery-go/data/models.go:1418.70,1425.16 5 2
github.com/calvarado2004/bakery-go/data/models.go:1425.16,1428.3 2 0
github.com/calvarado2004/bakery-go/data/models.go:1429.2,1429.29 1 2
github.com/calvarado2004/bakery-go/data/models.go:1429.29,1431.17 2 2
github.com/calvarado2004/bakery-go/data/models.go:1431.17,1433.4 1 0
github.com/calvarado2004/bakery-go/data/models.go:1436.2,1437.18 2 2
github.com/calvarado2004/bakery-go/data/models.go:1437.18,1440.17 3 1
github.com/calvarado2004/bakery-go/data/models.go:1440.17,1443.4 2 0
github.com/calvarado2004/bakery-go/data/models.go:1446.3,1448.17 3 1
github.com/calvarado2004/bakery-go/data/models.go:1448.17,1450.12 2 0
github.com/calvarado2004/bakery-go/data/models.go:1453.3,1453.25 1 1
github.com/calvarado2004/bakery-go/data/models.go:1453.25,1456.18 3 2
github.com/calvarado2004/bakery-go/data/models.go:1456.18,1458.13 2 0
github.com/calvarado2004/bakery-go/data/models.go:1461.4,1462.18 2 2
github.com/calvarado2004/bakery-go/data/models.go:1462.18,1463.13 1 0
github.com/calvarado2004/bakery-go/data/models.go:1465.4,1466.46 2 2
github.com/calvarado2004/bakery-go/data/models.go:1468.3,1470.33 2 1
github.com/calvarado2004/bakery-go/data/models.go:1473.2,1473.20 1 2
github.com/calvarado2004/bakery-go/data/models.go:1477.89,1493.16 6 1
github.com/calvarado2004/bakery-go/data/models.go:1493.16,1496.3 2 0
github.com/calvarado2004/bakery-go/data/models.go:1498.2,1498.18 1 1
github.com/calvarado2004/bakery-go/data/models.go:1502.74,1518.16 6 1
github.com/calvarado2004/bakery-go/data/models.go:1518.16,1521.3 2 0
github.com/calvarado2004/bakery-go/data/models.go:1523.2,1523.18 1 1
github.com/calvarado2004/bakery-go/data/models.go:1527.75,1532.16 4 2
github.com/calvarado2004/bakery-go/data/models.go:1532.16,1534.3 1 0
github.com/calvarado2004/bakery-go/data/models.go:1536.2,1548.16 4 2
github.com/calvarado2004/bakery-go/data/models.go:1548.16,1551.3 2 0
github.com/calvarado2004/bakery-go/data/models.go:1553.2,1553.19 1 2
github.com/calvarado2004/bakery-go/data/models.go:1557.81,1572.16 6 3
github.com/calvarado2004/bakery-go/data/models.go:1572.16,1575.3 2 0
github.com/calvarado2004/bakery-go/data/models.go:1577.2,1577.22 1 3
github.com/calvarado2004/bakery-go/data/models.go:1581.74,1586.16 4 3
github.com/calvarado2004/bakery-go/data/models.go:1586.16,1589.3 2 0
github.com/calvarado2004/bakery-go/data/models.go:1590.2,1607.16 5 3
github.com/calvarado2004/bakery-go/data/models.go:1607.16,1610.3 2 0
github.com/calvarado2004/bakery-go/data/models.go:1612.2,1612.37 1 3
github.com/calvarado2004/bakery-go/data/models.go:1612.37,1615.17 3 0
github.com/calvarado2004/bakery-go/data/models.go:1615.17,1618.4 2 0
github.com/calvarado2004/bakery-go/data/models.go:1621.2,1621.35 1 3
github.com/calvarado2004/bakery-go/data/models.go:1621.35,1624.3 2 0
github.com/calvarado2004/bakery-go/data/models.go:1626.2,1626.19 1 3
github.com/calvarado2004/bakery-go/data/models.go:1630.70,1651.16 7 0
github.com/calvarado2004/bakery-go/data/models.go:1651.16,1654.3 2 0
github.com/calvarado2004/bakery-go/data/models.go:1656.2,1656.18 1 0
github.com/calvarado2004/bakery-go/data/models.go:1656.18,1658.3 1 0
github.com/calvarado2004/bakery-go/data/models.go:1661.2,1663.16 3 0
github.com/calvarado2004/bakery-go/data/models.go:1663.16,1666.3 2 0
github.com/calvarado2004/bakery-go/data/models.go:1667.2,1669.18 2 0
github.com/calvarado2004/bakery-go/data/models.go:1669.18,1672.17 3 0
github.com/calvarado2004/bakery-go/data/models.go:1672.17,1674.12 2 0
github.com/calvarado2004/bakery-go/data/models.go:1676.3,1676.46 1 0
github.com/calvarado2004/bakery-go/data/models.go:1679.2,1679.21 1 0
github.com/calvarado2004/bakery-go/data/models.go:1683.89,1690.16 5 0
github.com/calvarado2004/bakery-go/data/models.go:1690.16,1693.3 2 0
github.com/calvarado2004/bakery-go/data/models.go:1694.2,1697.18 3 0
github.com/calvarado2004/bakery-go/data/models.go:1697.18,1713.17 4 0
github.com/calvarado2004/bakery-go/data/models.go:1713.17,1715.12 2 0
github.com/calvarado2004/bakery-go/data/models.go:1717.3,1717.19 1 0
github.com/calvarado2004/bakery-go/data/models.go:1717.19,1719.4 1 0
github.com/calvarado2004/bakery-go/data/models.go:1720.3,1720.39 1 0
github.com/calvarado2004/bakery-go/data/models.go:1723.2,1723.22 1 0
github.com/calvarado2004/bakery-go/data/models.go:1727.66,1734.16 5 2
github.com/calvarado2004/bakery-go/data/models.go:1734.16,1737.3 2 0
github.com/calvarado2004/bakery-go/data/models.go:1738.2,1741.18 3 2
github.com/calvarado2004/bakery-go/data/models.go:1741.18,1757.17 4 2
github.com/calvarado2004/bakery-go/data/models.go:1757.17,1759.12 2 0
github.com/calvarado2004/bakery-go/data/models.go:1761.3,1761.19 1 2
github.com/calvarado2004/bakery-go/data/models.go:1761.19,1763.4 1 0
github.com/calvarado2004/bakery-go/data/models.go:1764.3,1764.39 1 2
github.com/calvarado2004/bakery-go/data/models.go:1767.2,1767.22 1 2
github.com/calvarado2004/bakery-go/data/models.go:1771.80,1792.16 7 2
github.com/calvarado2004/bakery-go/data/models.go:1792.16,1795.3 2 1
github.com/calvarado2004/bakery-go/data/models.go:1797.2,1797.18 1 1
github.com/calvarado2004/bakery-go/data/models.go:1797.18,1799.3 1 0
github.com/calvarado2004/bakery-go/data/models.go:1801.2,1801.21 1 1
github.com/calvarado2004/bakery-go/data/models.go:1812.95,1813.17 1 3
github.com/calvarado2004/bakery-go/data/models.go:1813.17,1815.3 1 1
github.com/calvarado2004/bakery-go/data/models.go:1818.2,1819.16 2 2
github.com/calvarado2004/bakery-go/data/models.go:1819.16,1821.3 1 0
github.com/calvarado2004/bakery-go/data/models.go:1821.8,1822.70 1 2
github.com/calvarado2004/bakery-go/data/models.go:1822.70,1825.4 2 0
github.com/calvarado2004/bakery-go/data/models.go:1825.9,1827.4 1 2
github.com/calvarado2004/bakery-go/data/models.go:1830.2,1833.20 3 2
github.com/calvarado2004/bakery-go/data/models.go:1833.20,1834.13 1 2
github.com/calvarado2004/bakery-go/data/models.go:1834.13,1835.8 1 2
github.com/calvarado2004/bakery-go/data/models.go:1835.8,1837.19 2 2
github.com/calvarado2004/bakery-go/data/models.go:1837.19,1840.6 2 1
github.com/calvarado2004/bakery-go/data/models.go:1841.5,1841.26 1 1
github.com/calvarado2004/bakery-go/data/models.go:1841.26,1844.6 2 1
github.com/calvarado2004/bakery-go/data/models.go:1850.2,1853.6 3 2
github.com/calvarado2004/bakery-go/data/models.go:1853.6,1854.10 1 6
github.com/calvarado2004/bakery-go/data/models.go:1855.21,1856.20 1 1
github.com/calvarado2004/bakery-go/data/models.go:1857.21,1859.14 2 1
github.com/calvarado2004/bakery-go/data/models.go:1860.31,1863.23 2 0
github.com/calvarado2004/bakery-go/data/models.go:1864.19,1866.79 2 4
github.com/calvarado2004/bakery-go/data/models.go:1866.79,1869.5 2 0
github.com/calvarado2004/bakery-go/data/models.go:1876.90,1885.16 6 4
github.com/calvarado2004/bakery-go/data/models.go:1885.16,1888.3 2 0
github.com/calvarado2004/bakery-go/data/models.go:1890.2,1891.19 2 4
github.com/calvarado2004/bakery-go/data/models.go:1896.92,1907.16 5 2
github.com/calvarado2004/bakery-go/data/models.go:1907.16,1910.3 2 0
github.com/calvarado2004/bakery-go/data/models.go:1911.2,1911.29 1 2
github.com/calvarado2004/bakery-go/data/models.go:1911.29,1913.17 2 2
github.com/calvarado2004/bakery-go/data/models.go:1913.17,1915.4 1 0
github.com/calvarado2004/bakery-go/data/models.go:1918.2,1919.18 2 2
github.com/calvarado2004/bakery-go/data/models.go:1919.18,1922.17 3 3
github.com/calvarado2004/bakery-go/data/models.go:1922.17,1925.4 2 0
github.com/calvarado2004/bakery-go/data/models.go:1926.3,1926.29 1 3
github.com/calvarado2004/bakery-go/data/models.go:1929.2,1929.20 1 2
github.com/calvarado2004/bakery-go/data/models.go:1933.88,1939.16 5 1
github.com/calvarado2004/bakery-go/data/models.go:1939.16,1942.3 2 0
github.com/calvarado2004/bakery-go/data/models.go:1944.2,1944.12 1 1
github.com/calvarado2004/bakery-go/data/test_models.go:9.68,13.2 1 19
github.com/calvarado2004/bakery-go/data/test_models.go:15.94,17.2 1 1
github.com/calvarado2004/bakery-go/data/test_models.go:19.82,22.2 1 1
github.com/calvarado2004/bakery-go/data/test_models.go:24.81,26.2 1 1
github.com/calvarado2004/bakery-go/data/test_models.go:28.72,30.2 1 1
github.com/calvarado2004/bakery-go/data/test_models.go:32.94,34.2 1 1
github.com/calvarado2004/bakery-go/data/test_models.go:36.82,38.2 1 1
github.com/calvarado2004/bakery-go/data/test_models.go:40.96,42.2 1 1
github.com/calvarado2004/bakery-go/data/test_models.go:44.101,47.2 1 1
github.com/calvarado2004/bakery-go/data/test_models.go:49.101,64.2 5 1
github.com/calvarado2004/bakery-go/data/test_models.go:66.88,81.2 5 1
github.com/calvarado2004/bakery-go/data/test_models.go:83.71,94.2 3 1
github.com/calvarado2004/bakery-go/data/test_models.go:96.85,108.2 3 1
github.com/calvarado2004/bakery-go/data/test_models.go:110.93,120.2 3 1
github.com/calvarado2004/bakery-go/data/test_models.go:122.91,149.2 6 1
github.com/calvarado2004/bakery-go/data/test_models.go:151.98,179.2 6 1
github.com/calvarado2004/bakery-go/data/test_models.go:181.83,212.2 7 1
github.com/calvarado2004/bakery-go/data/test_models.go:214.68,216.2 1 1
github.com/calvarado2004/bakery-go/data/test_models.go:218.79,220.2 1 0
github.com/calvarado2004/bakery-go/data/test_models.go:222.90,224.2 1 0
github.com/calvarado2004/bakery-go/data/test_models.go:226.79,237.2 3 0
github.com/calvarado2004/bakery-go/data/test_models.go:240.71,242.2 1 0
github.com/calvarado2004/bakery-go/data/test_models.go:245.86,247.2 1 0
github.com/calvarado2004/bakery-go/data/test_models.go:249.90,251.2 1 0
github.com/calvarado2004/bakery-go/data/test_models.go:253.55,255.2 1 0
github.com/calvarado2004/bakery-go/frontend/cmd/web/admin_handlers.go:37.89,45.2 2 4
github.com/calvarado2004/bakery-go/frontend/cmd/web/admin_handlers.go:47.68,53.16 3 1
github.com/calvarado2004/bakery-go/frontend/cmd/web/admin_handlers.go:53.16,57.3 3 1
github.com/calvarado2004/bakery-go/frontend/cmd/web/admin_handlers.go:58.2,61.16 3 0
github.com/calvarado2004/bakery-go/frontend/cmd/web/admin_handlers.go:61.16,64.3 2 0
github.com/calvarado2004/bakery-go/frontend/cmd/web/admin_handlers.go:66.2,67.16 2 0
github.com/calvarado2004/bakery-go/frontend/cmd/web/admin_handlers.go:67.16,69.3 1 0
github.com/calvarado2004/bakery-go/frontend/cmd/web/admin_handlers.go:71.2,72.16 2 0
github.com/calvarado2004/bakery-go/frontend/cmd/web/admin_handlers.go:72.16,74.3 1 0
github.com/calvarado2004/bakery-go/frontend/cmd/web/admin_handlers.go:76.2,78.19 3 0
github.com/calvarado2004/bakery-go/frontend/cmd/web/admin_handlers.go:78.19,80.3 1 0
github.com/calvarado2004/bakery-go/frontend/cmd/web/admin_handlers.go:81.2,81.48 1 0
github.com/calvarado2004/bakery-go/frontend/cmd/web/admin_handlers.go:81.48,83.3 1 0
github.com/calvarado2004/bakery-go/frontend/cmd/web/admin_handlers.go:83.8,83.26 1 0
github.com/calvarado2004/bakery-go/frontend/cmd/web/admin_handlers.go:83.26,85.3 1 0
github.com/calvarado2004/bakery-go/frontend/cmd/web/admin_handlers.go:88.2,89.9 2 0
github.com/calvarado2004/bakery-go/frontend/cmd/web/admin_handlers.go:89.9,92.3 2 0
github.com/calvarado2004/bakery-go/frontend/cmd/web/admin_handlers.go:93.2,94.16 2 0
github.com/calvarado2004/bakery-go/frontend/cmd/web/admin_handlers.go:94.16,96.3 1 0
github.com/calvarado2004/bakery-go/frontend/cmd/web/admin_handlers.go:99.68,103.16 3 1
github.com/calvarado2004/bakery-go/frontend/cmd/web/admin_handlers.go:103.16,107.3 3 1
github.com/calvarado2004/bakery-go/frontend/cmd/web/admin_handlers.go:108.2,111.16 3 0
github.com/calvarado2004/bakery-go/frontend/cmd/web/admin_handlers.go:111.16,115.3 3 0
github.com/calvarado2004/bakery-go/frontend/cmd/web/admin_handlers.go:117.2,123.9 6 0
github.com/calvarado2004/bakery-go/frontend/cmd/web/admin_handlers.go:123.9,126.3 2 0
github.com/calvarado2004/bakery-go/frontend/cmd/web/admin_handlers.go:127.2,128.16 2 0
github.com/calvarado2004/bakery-go/frontend/cmd/web/admin_handlers.go:128.16,130.3 1 0
github.com/calvarado2004/bakery-go/frontend/cmd/web/admin_handlers.go:133.67,138.9 4 2
github.com/calvarado2004/bakery-go/frontend/cmd/web/admin_handlers.go:138.9,141.3 2 0
github.com/calvarado2004/bakery-go/frontend/cmd/web/admin_handlers.go:142.2,143.16 2 2
github.com/calvarado2004/bakery-go/frontend/cmd/web/admin_handlers.go:143.16,145.3 1 0
github.com/calvarado2004/bakery-go/frontend/cmd/web/admin_handlers.go:148.70,150.16 2 1
github.com/calvarado2004/bakery-go/frontend/cmd/web/admin_handlers.go:150.16,153.3 2 0
github.com/calvarado2004/bakery-go/frontend/cmd/web/admin_handlers.go:155.2,160.16 5 1
github.com/calvarado2004/bakery-go/frontend/cmd/web/admin_handlers.go:160.16,164.3 3 1
github.com/calvarado2004/bakery-go/frontend/cmd/web/admin_handlers.go:165.2,175.16 3 0
github.com/calvarado2004/bakery-go/frontend/cmd/web/admin_handlers.go:175.16,179.3 3 0
github.com/calvarado2004/bakery-go/frontend/cmd/web/admin_handlers.go:181.2,181.93 1 0
github.com/calvarado2004/bakery-go/frontend/cmd/web/admin_handlers.go:184.68,190.16 5 1
github.com/calvarado2004/bakery-go/frontend/cmd/web/admin_handlers.go:190.16,194.3 3 1
github.com/calvarado2004/bakery-go/frontend/cmd/web/admin_handlers.go:195.2,198.16 3 0
github.com/calvarado2004/bakery-go/frontend/cmd/web/admin_handlers.go:198.16,202.3 3 0
github.com/calvarado2004/bakery-go/frontend/cmd/web/admin_handlers.go:204.2,209.9 5 0
github.com/calvarado2004/bakery-go/frontend/cmd/web/admin_handlers.go:209.9,212.3 2 0
github.com/calvarado2004/bakery-go/frontend/cmd/web/admin_handlers.go:213.2,214.16 2 0
github.com/calvarado2004/bakery-go/frontend/cmd/web/admin_handlers.go:214.16,216.3 1 0
github.com/calvarado2004/bakery-go/frontend/cmd/web/admin_handlers.go:219.70,224.16 4 1
github.com/calvarado2004/bakery-go/frontend/cmd/web/admin_handlers.go:224.16,227.3 2 0
github.com/calvarado2004/bakery-go/frontend/cmd/web/admin_handlers.go:229.2,234.16 5 1
github.com/calvarado2004/bakery-go/frontend/cmd/web/admin_handlers.go:234.16,238.3 3 1
github.com/calvarado2004/bakery-go/frontend/cmd/web/admin_handlers.go:239.2,250.16 3 0
github.com/calvarado2004/bakery-go/frontend/cmd/web/admin_handlers.go:250.16,254.3 3 0
github.com/calvarado2004/bakery-go/frontend/cmd/web/admin_handlers.go:256.2,256.93 1 0
github.com/calvarado2004/bakery-go/frontend/cmd/web/admin_handlers.go:259.70,265.16 5 1
github.com/calvarado2004/bakery-go/frontend/cmd/web/admin_handlers.go:265.16,269.3 3 1
github.com/calvarado2004/bakery-go/frontend/cmd/web/admin_handlers.go:270.2,273.16 3 0
github.com/calvarado2004/bakery-go/frontend/cmd/web/admin_handlers.go:273.16,277.3 3 0
github.com/calvarado2004/bakery-go/frontend/cmd/web/admin_handlers.go:279.2,279.93 1 0
github.com/calvarado2004/bakery-go/frontend/cmd/web/admin_handlers.go:282.65,285.16 3 1
github.com/calvarado2004/bakery-go/frontend/cmd/web/admin_handlers.go:285.16,289.3 3 1
github.com/calvarado2004/bakery-go/frontend/cmd/web/admin_handlers.go:290.2,293.16 3 0
github.com/calvarado2004/bakery-go/frontend/cmd/web/admin_handlers.go:293.16,297.3 3 0
github.com/calvarado2004/bakery-go/frontend/cmd/web/admin_handlers.go:300.2,300.37 1 0
github.com/calvarado2004/bakery-go/frontend/cmd/web/admin_handlers.go:300.37,302.3 1 0
github.com/calvarado2004/bakery-go/frontend/cmd/web/admin_handlers.go:304.2,310.9 6 0
github.com/calvarado2004/bakery-go/frontend/cmd/web/admin_handlers.go:310.9,313.3 2 0
github.com/calvarado2004/bakery-go/frontend/cmd/web/admin_handlers.go:314.2,315.16 2 0
github.com/calvarado2004/bakery-go/frontend/cmd/web/admin_handlers.go:315.16,317.3 1 0
github.com/calvarado2004/bakery-go/frontend/cmd/web/admin_handlers.go:320.70,325.16 4 1
github.com/calvarado2004/bakery-go/frontend/cmd/web/admin_handlers.go:325.16,328.3 2 0
github.com/calvarado2004/bakery-go/frontend/cmd/web/admin_handlers.go:330.2,335.16 5 1
github.com/calvarado2004/bakery-go/frontend/cmd/web/admin_handlers.go:335.16,339.3 3 1
github.com/calvarado2004/bakery-go/frontend/cmd/web/admin_handlers.go:340.2,346.16 3 0
github.com/calvarado2004/bakery-go/frontend/cmd/web/admin_handlers.go:346.16,350.3 3 0
github.com/calvarado2004/bakery-go/frontend/cmd/web/admin_handlers.go:352.2,353.88 2 0
github.com/calvarado2004/bakery-go/frontend/cmd/web/admin_handlers.go:356.68,359.16 3 1
github.com/calvarado2004/bakery-go/frontend/cmd/web/admin_handlers.go:359.16,363.3 3 1
github.com/calvarado2004/bakery-go/frontend/cmd/web/admin_handlers.go:364.2,367.16 3 0
github.com/calvarado2004/bakery-go/frontend/cmd/web/admin_handlers.go:367.16,371.3 3 0
github.com/calvarado2004/bakery-go/frontend/cmd/web/admin_handlers.go:373.2,377.9 4 0
github.com/calvarado2004/bakery-go/frontend/cmd/web/admin_handlers.go:377.9,380.3 2 0
github.com/calvarado2004/bakery-go/frontend/cmd/web/admin_handlers.go:381.2,382.16 2 0
github.com/calvarado2004/bakery-go/frontend/cmd/web/admin_handlers.go:382.16,384.3 1 0
github.com/calvarado2004/bakery-go/frontend/cmd/web/admin_handlers.go:387.73,393.16 5 1
github.com/calvarado2004/bakery-go/frontend/cmd/web/admin_handlers.go:393.16,397.3 3 1
github.com/calvarado2004/bakery-go/frontend/cmd/web/admin_handlers.go:398.2,401.16 3 0
github.com/calvarado2004/bakery-go/frontend/cmd/web/admin_handlers.go:401.16,405.3 3 0
github.com/calvarado2004/bakery-go/frontend/cmd/web/admin_handlers.go:407.2,412.9 5 0
github.com/calvarado2004/bakery-go/frontend/cmd/web/admin_handlers.go:412.9,415.3 2 0
github.com/calvarado2004/bakery-go/frontend/cmd/web/admin_handlers.go:416.2,417.16 2 0
github.com/calvarado2004/bakery-go/frontend/cmd/web/admin_handlers.go:417.16,419.3 1 0
github.com/calvarado2004/bakery-go/frontend/cmd/web/admin_handlers.go:422.65,425.16 3 1
github.com/calvarado2004/bakery-go/frontend/cmd/web/admin_handlers.go:425.16,429.3 3 1
github.com/calvarado2004/bakery-go/frontend/cmd/web/admin_handlers.go:430.2,433.16 3 0
github.com/calvarado2004/bakery-go/frontend/cmd/web/admin_handlers.go:433.16,437.3 3 0
github.com/calvarado2004/bakery-go/frontend/cmd/web/admin_handlers.go:439.2,443.9 4 0
github.com/calvarado2004/bakery-go/frontend/cmd/web/admin_handlers.go:443.9,446.3 2 0
github.com/calvarado2004/bakery-go/frontend/cmd/web/admin_handlers.go:447.2,448.16 2 0
github.com/calvarado2004/bakery-go/frontend/cmd/web/admin_handlers.go:448.16,450.3 1 0
github.com/calvarado2004/bakery-go/frontend/cmd/web/admin_handlers.go:453.70,459.16 5 1
github.com/calvarado2004/bakery-go/frontend/cmd/web/admin_handlers.go:459.16,463.3 3 1
github.com/calvarado2004/bakery-go/frontend/cmd/web/admin_handlers.go:464.2,467.16 3 0
github.com/calvarado2004/bakery-go/frontend/cmd/web/admin_handlers.go:467.16,471.3 3 0
github.com/calvarado2004/bakery-go/frontend/cmd/web/admin_handlers.go:473.2,478.9 5 0
github.com/calvarado2004/bakery-go/frontend/cmd/web/admin_handlers.go:478.9,481.3 2 0
github.com/calvarado2004/bakery-go/frontend/cmd/web/admin_handlers.go:482.2,483.16 2 0
github.com/calvarado2004/bakery-go/frontend/cmd/web/admin_handlers.go:483.16,485.3 1 0
github.com/calvarado2004/bakery-go/frontend/cmd/web/admin_handlers.go:488.65,491.16 3 1
github.com/calvarado2004/bakery-go/frontend/cmd/web/admin_handlers.go:491.16,495.3 3 1
github.com/calvarado2004/bakery-go/frontend/cmd/web/admin_handlers.go:496.2,499.16 3 0
github.com/calvarado2004/bakery-go/frontend/cmd/web/admin_handlers.go:499.16,503.3 3 0
github.com/calvarado2004/bakery-go/frontend/cmd/web/admin_handlers.go:505.2,511.9 6 0
github.com/calvarado2004/bakery-go/frontend/cmd/web/admin_handlers.go:511.9,514.3 2 0
github.com/calvarado2004/bakery-go/frontend/cmd/web/admin_handlers.go:515.2,516.16 2 0
github.com/calvarado2004/bakery-go/frontend/cmd/web/admin_handlers.go:516.16,518.3 1 0
github.com/calvarado2004/bakery-go/frontend/cmd/web/admin_handlers.go:521.74,529.9 6 1
github.com/calvarado2004/bakery-go/frontend/cmd/web/admin_handlers.go:529.9,532.3 2 0
github.com/calvarado2004/bakery-go/frontend/cmd/web/admin_handlers.go:534.2,534.6 1 1
github.com/calvarado2004/bakery-go/frontend/cmd/web/admin_handlers.go:534.6,535.10 1 1
github.com/calvarado2004/bakery-go/frontend/cmd/web/admin_handlers.go:536.29,537.10 1 0
github.com/calvarado2004/bakery-go/frontend/cmd/web/admin_handlers.go:538.11,540.18 2 1
github.com/calvarado2004/bakery-go/frontend/cmd/web/admin_handlers.go:540.18,543.5 2 1
github.com/calvarado2004/bakery-go/frontend/cmd/web/admin_handlers.go:544.4,546.18 3 0
github.com/calvarado2004/bakery-go/frontend/cmd/web/admin_handlers.go:546.18,548.13 2 0
github.com/calvarado2004/bakery-go/frontend/cmd/web/admin_handlers.go:551.4,552.18 2 0
github.com/calvarado2004/bakery-go/frontend/cmd/web/admin_handlers.go:552.18,554.13 2 0
github.com/calvarado2004/bakery-go/frontend/cmd/web/admin_handlers.go:557.4,560.32 3 0
github.com/calvarado2004/bakery-go/frontend/cmd/web/admin_handlers.go:565.71,573.9 6 1
github.com/calvarado2004/bakery-go/frontend/cmd/web/admin_handlers.go:573.9,576.3 2 0
github.com/calvarado2004/bakery-go/frontend/cmd/web/admin_handlers.go:578.2,578.6 1 1
github.com/calvarado2004/bakery-go/frontend/cmd/web/admin_handlers.go:578.6,579.10 1 1
github.com/calvarado2004/bakery-go/frontend/cmd/web/admin_handlers.go:580.29,581.10 1 0
github.com/calvarado2004/bakery-go/frontend/cmd/web/admin_handlers.go:582.11,584.18 2 1
github.com/calvarado2004/bakery-go/frontend/cmd/web/admin_handlers.go:584.18,587.5 2 1
github.com/calvarado2004/bakery-go/frontend/cmd/web/admin_handlers.go:588.4,590.18 3 0
github.com/calvarado2004/bakery-go/frontend/cmd/web/admin_handlers.go:590.18,592.13 2 0
github.com/calvarado2004/bakery-go/frontend/cmd/web/admin_handlers.go:595.4,596.18 2 0
github.com/calvarado2004/bakery-go/frontend/cmd/web/admin_handlers.go:596.18,598.13 2 0
github.com/calvarado2004/bakery-go/frontend/cmd/web/admin_handlers.go:601.4,604.32 3 0
github.com/calvarado2004/bakery-go/frontend/cmd/web/admin_handlers.go:609.73,614.16 4 1
github.com/calvarado2004/bakery-go/frontend/cmd/web/admin_handlers.go:614.16,617.3 2 0
github.com/calvarado2004/bakery-go/frontend/cmd/web/admin_handlers.go:619.2,623.16 4 1
github.com/calvarado2004/bakery-go/frontend/cmd/web/admin_handlers.go:623.16,627.3 3 1
github.com/calvarado2004/bakery-go/frontend/cmd/web/admin_handlers.go:628.2,632.16 3 0
github.com/calvarado2004/bakery-go/frontend/cmd/web/admin_handlers.go:632.16,636.3 3 0
github.com/calvarado2004/bakery-go/frontend/cmd/web/admin_handlers.go:639.2,648.16 2 0
github.com/calvarado2004/bakery-go/frontend/cmd/web/admin_handlers.go:648.16,652.3 3 0
github.com/calvarado2004/bakery-go/frontend/cmd/web/admin_handlers.go:654.2,654.97 1 0
github.com/calvarado2004/bakery-go/frontend/cmd/web/auth_handlers.go:23.28,24.21 1 32
github.com/calvarado2004/bakery-go/frontend/cmd/web/auth_handlers.go:24.21,26.19 2 1
github.com/calvarado2004/bakery-go/frontend/cmd/web/auth_handlers.go:26.19,28.4 1 0
github.com/calvarado2004/bakery-go/frontend/cmd/web/auth_handlers.go:29.3,29.30 1 1
github.com/calvarado2004/bakery-go/frontend/cmd/web/auth_handlers.go:31.2,31.19 1 32
github.com/calvarado2004/bakery-go/frontend/cmd/web/auth_handlers.go:52.65,54.16 2 23
github.com/calvarado2004/bakery-go/frontend/cmd/web/auth_handlers.go:54.16,56.3 1 19
github.com/calvarado2004/bakery-go/frontend/cmd/web/auth_handlers.go:57.2,57.24 1 4
github.com/calvarado2004/bakery-go/frontend/cmd/web/auth_handlers.go:57.24,59.3 1 1
github.com/calvarado2004/bakery-go/frontend/cmd/web/auth_handlers.go:60.2,61.58 2 3
github.com/calvarado2004/bakery-go/frontend/cmd/web/auth_handlers.go:66.119,68.16 2 19
github.com/calvarado2004/bakery-go/frontend/cmd/web/auth_handlers.go:68.16,70.3 1 18
github.com/calvarado2004/bakery-go/frontend/cmd/web/auth_handlers.go:71.2,72.25 2 1
github.com/calvarado2004/bakery-go/frontend/cmd/web/auth_handlers.go:77.68,79.38 2 5
github.com/calvarado2004/bakery-go/frontend/cmd/web/auth_handlers.go:79.38,80.43 1 2
github.com/calvarado2004/bakery-go/frontend/cmd/web/auth_handlers.go:80.43,83.4 2 1
github.com/calvarado2004/bakery-go/frontend/cmd/web/auth_handlers.go:86.2,93.9 3 4
github.com/calvarado2004/bakery-go/frontend/cmd/web/auth_handlers.go:93.9,96.3 2 0
github.com/calvarado2004/bakery-go/frontend/cmd/web/auth_handlers.go:97.2,98.16 2 4
github.com/calvarado2004/bakery-go/frontend/cmd/web/auth_handlers.go:98.16,100.3 1 0
github.com/calvarado2004/bakery-go/frontend/cmd/web/auth_handlers.go:103.64,105.16 2 0
github.com/calvarado2004/bakery-go/frontend/cmd/web/auth_handlers.go:105.16,108.3 2 0
github.com/calvarado2004/bakery-go/frontend/cmd/web/auth_handlers.go:110.2,121.16 7 0
github.com/calvarado2004/bakery-go/frontend/cmd/web/auth_handlers.go:121.16,125.3 3 0
github.com/calvarado2004/bakery-go/frontend/cmd/web/auth_handlers.go:127.2,127.23 1 0
github.com/calvarado2004/bakery-go/frontend/cmd/web/auth_handlers.go:127.23,130.3 2 0
github.com/calvarado2004/bakery-go/frontend/cmd/web/auth_handlers.go:132.2,141.52 2 0
github.com/calvarado2004/bakery-go/frontend/cmd/web/auth_handlers.go:144.65,153.2 2 2
github.com/calvarado2004/bakery-go/frontend/cmd/web/auth_handlers.go:157.71,159.38 2 4
github.com/calvarado2004/bakery-go/frontend/cmd/web/auth_handlers.go:159.38,160.46 1 1
github.com/calvarado2004/bakery-go/frontend/cmd/web/auth_handlers.go:160.46,163.4 2 1
github.com/calvarado2004/bakery-go/frontend/cmd/web/auth_handlers.go:166.2,173.9 3 3
github.com/calvarado2004/bakery-go/frontend/cmd/web/auth_handlers.go:173.9,176.3 2 0
github.com/calvarado2004/bakery-go/frontend/cmd/web/auth_handlers.go:177.2,178.16 2 3
github.com/calvarado2004/bakery-go/frontend/cmd/web/auth_handlers.go:178.16,180.3 1 0
github.com/calvarado2004/bakery-go/frontend/cmd/web/auth_handlers.go:183.67,185.16 2 0
github.com/calvarado2004/bakery-go/frontend/cmd/web/auth_handlers.go:185.16,188.3 2 0
github.com/calvarado2004/bakery-go/frontend/cmd/web/auth_handlers.go:190.2,201.16 7 0
github.com/calvarado2004/bakery-go/frontend/cmd/web/auth_handlers.go:201.16,205.3 3 0
github.com/calvarado2004/bakery-go/frontend/cmd/web/auth_handlers.go:207.2,207.23 1 0
github.com/calvarado2004/bakery-go/frontend/cmd/web/auth_handlers.go:207.23,210.3 2 0
github.com/calvarado2004/bakery-go/frontend/cmd/web/auth_handlers.go:212.2,221.53 2 0
github.com/calvarado2004/bakery-go/frontend/cmd/web/auth_handlers.go:224.68,233.2 2 1
github.com/calvarado2004/bakery-go/frontend/cmd/web/auth_handlers.go:237.63,238.54 1 111
github.com/calvarado2004/bakery-go/frontend/cmd/web/auth_handlers.go:238.54,240.39 2 5
github.com/calvarado2004/bakery-go/frontend/cmd/web/auth_handlers.go:240.39,244.4 3 2
github.com/calvarado2004/bakery-go/frontend/cmd/web/auth_handlers.go:246.3,246.44 1 3
github.com/calvarado2004/bakery-go/frontend/cmd/web/auth_handlers.go:246.44,250.4 3 2
github.com/calvarado2004/bakery-go/frontend/cmd/web/auth_handlers.go:252.3,252.23 1 1
github.com/calvarado2004/bakery-go/frontend/cmd/web/auth_handlers.go:256.66,257.54 1 39
github.com/calvarado2004/bakery-go/frontend/cmd/web/auth_handlers.go:257.54,259.39 2 4
github.com/calvarado2004/bakery-go/frontend/cmd/web/auth_handlers.go:259.39,263.4 3 2
github.com/calvarado2004/bakery-go/frontend/cmd/web/auth_handlers.go:265.3,265.47 1 2
github.com/calvarado2004/bakery-go/frontend/cmd/web/auth_handlers.go:265.47,269.4 3 1
github.com/calvarado2004/bakery-go/frontend/cmd/web/auth_handlers.go:271.3,271.23 1 1
github.com/calvarado2004/bakery-go/frontend/cmd/web/auth_handlers.go:275.66,278.101 2 14
github.com/calvarado2004/bakery-go/frontend/cmd/web/auth_handlers.go:278.101,280.3 1 9
github.com/calvarado2004/bakery-go/frontend/cmd/web/auth_handlers.go:282.2,282.32 1 14
github.com/calvarado2004/bakery-go/frontend/cmd/web/auth_handlers.go:282.32,284.3 1 6
github.com/calvarado2004/bakery-go/frontend/cmd/web/auth_handlers.go:286.2,286.59 1 8
github.com/calvarado2004/bakery-go/frontend/cmd/web/auth_handlers.go:286.59,288.3 1 1
github.com/calvarado2004/bakery-go/frontend/cmd/web/auth_handlers.go:290.2,290.13 1 7
github.com/calvarado2004/bakery-go/frontend/cmd/web/auth_handlers.go:293.50,295.16 2 15
github.com/calvarado2004/bakery-go/frontend/cmd/web/auth_handlers.go:295.16,297.3 1 8
github.com/calvarado2004/bakery-go/frontend/cmd/web/auth_handlers.go:299.2,300.102 2 7
github.com/calvarado2004/bakery-go/frontend/cmd/web/auth_handlers.go:300.102,302.3 1 4
github.com/calvarado2004/bakery-go/frontend/cmd/web/auth_handlers.go:304.2,304.32 1 7
github.com/calvarado2004/bakery-go/frontend/cmd/web/auth_handlers.go:304.32,306.3 1 3
github.com/calvarado2004/bakery-go/frontend/cmd/web/auth_handlers.go:308.2,308.22 1 4
github.com/calvarado2004/bakery-go/frontend/cmd/web/auth_handlers.go:311.67,313.16 2 7
github.com/calvarado2004/bakery-go/frontend/cmd/web/auth_handlers.go:313.16,315.3 1 3
github.com/calvarado2004/bakery-go/frontend/cmd/web/auth_handlers.go:317.2,318.102 2 4
github.com/calvarado2004/bakery-go/frontend/cmd/web/auth_handlers.go:318.102,320.3 1 3
github.com/calvarado2004/bakery-go/frontend/cmd/web/auth_handlers.go:322.2,322.32 1 4
github.com/calvarado2004/bakery-go/frontend/cmd/web/auth_handlers.go:322.32,324.3 1 1
github.com/calvarado2004/bakery-go/frontend/cmd/web/auth_handlers.go:326.2,326.52 1 3
github.com/calvarado2004/bakery-go/frontend/cmd/web/auth_handlers.go:333.59,338.35 4 5
github.com/calvarado2004/bakery-go/frontend/cmd/web/auth_handlers.go:338.35,340.3 1 2
github.com/calvarado2004/bakery-go/frontend/cmd/web/auth_handlers.go:342.2,343.15 2 3
github.com/calvarado2004/bakery-go/frontend/cmd/web/auth_handlers.go:343.15,345.3 1 3
github.com/calvarado2004/bakery-go/frontend/cmd/web/auth_handlers.go:346.2,346.20 1 3
github.com/calvarado2004/bakery-go/frontend/cmd/web/auth_handlers.go:346.20,347.16 1 1
github.com/calvarado2004/bakery-go/frontend/cmd/web/auth_handlers.go:347.16,349.4 1 0
github.com/calvarado2004/bakery-go/frontend/cmd/web/auth_handlers.go:349.9,351.4 1 1
github.com/calvarado2004/bakery-go/frontend/cmd/web/auth_handlers.go:353.2,353.53 1 3
github.com/calvarado2004/bakery-go/frontend/cmd/web/auth_handlers.go:358.122,362.2 3 1
github.com/calvarado2004/bakery-go/frontend/cmd/web/auth_handlers.go:387.77,389.21 2 1
github.com/calvarado2004/bakery-go/frontend/cmd/web/auth_handlers.go:389.21,392.3 2 1
github.com/calvarado2004/bakery-go/frontend/cmd/web/auth_handlers.go:394.2,400.16 6 0
github.com/calvarado2004/bakery-go/frontend/cmd/web/auth_handlers.go:400.16,402.3 1 0
github.com/calvarado2004/bakery-go/frontend/cmd/web/auth_handlers.go:404.2,405.16 2 0
github.com/calvarado2004/bakery-go/frontend/cmd/web/auth_handlers.go:405.16,407.3 1 0
github.com/calvarado2004/bakery-go/frontend/cmd/web/auth_handlers.go:409.2,414.23 2 0
github.com/calvarado2004/bakery-go/frontend/cmd/web/auth_handlers.go:414.23,418.33 4 0
github.com/calvarado2004/bakery-go/frontend/cmd/web/auth_handlers.go:418.33,421.4 2 0
github.com/calvarado2004/bakery-go/frontend/cmd/web/auth_handlers.go:422.3,423.43 2 0
github.com/calvarado2004/bakery-go/frontend/cmd/web/auth_handlers.go:423.43,425.4 1 0
github.com/calvarado2004/bakery-go/frontend/cmd/web/auth_handlers.go:426.3,427.33 2 0
github.com/calvarado2004/bakery-go/frontend/cmd/web/auth_handlers.go:427.33,429.4 1 0
github.com/calvarado2004/bakery-go/frontend/cmd/web/auth_handlers.go:429.9,431.4 1 0
github.com/calvarado2004/bakery-go/frontend/cmd/web/auth_handlers.go:434.2,434.25 1 0
github.com/calvarado2004/bakery-go/frontend/cmd/web/auth_handlers.go:434.25,437.37 3 0
github.com/calvarado2004/bakery-go/frontend/cmd/web/auth_handlers.go:437.37,439.4 1 0
github.com/calvarado2004/bakery-go/frontend/cmd/web/auth_handlers.go:439.9,441.4 1 0
github.com/calvarado2004/bakery-go/frontend/cmd/web/auth_handlers.go:444.2,445.9 2 0
github.com/calvarado2004/bakery-go/frontend/cmd/web/auth_handlers.go:445.9,448.3 2 0
github.com/calvarado2004/bakery-go/frontend/cmd/web/auth_handlers.go:449.2,450.16 2 0
github.com/calvarado2004/bakery-go/frontend/cmd/web/auth_handlers.go:450.16,452.3 1 0
github.com/calvarado2004/bakery-go/frontend/cmd/web/auth_handlers.go:455.68,457.21 2 1
github.com/calvarado2004/bakery-go/frontend/cmd/web/auth_handlers.go:457.21,460.3 2 1
github.com/calvarado2004/bakery-go/frontend/cmd/web/auth_handlers.go:462.2,468.16 6 0
github.com/calvarado2004/bakery-go/frontend/cmd/web/auth_handlers.go:468.16,472.3 3 0
github.com/calvarado2004/bakery-go/frontend/cmd/web/auth_handlers.go:474.2,480.32 2 0
github.com/calvarado2004/bakery-go/frontend/cmd/web/auth_handlers.go:480.32,482.3 1 0
github.com/calvarado2004/bakery-go/frontend/cmd/web/auth_handlers.go:484.2,485.9 2 0
github.com/calvarado2004/bakery-go/frontend/cmd/web/auth_handlers.go:485.9,488.3 2 0
github.com/calvarado2004/bakery-go/frontend/cmd/web/auth_handlers.go:489.2,490.16 2 0
github.com/calvarado2004/bakery-go/frontend/cmd/web/auth_handlers.go:490.16,492.3 1 0
github.com/calvarado2004/bakery-go/frontend/cmd/web/auth_handlers.go:495.73,497.21 2 2
github.com/calvarado2004/bakery-go/frontend/cmd/web/auth_handlers.go:497.21,500.3 2 1
github.com/calvarado2004/bakery-go/frontend/cmd/web/auth_handlers.go:502.2,504.16 3 1
github.com/calvarado2004/bakery-go/frontend/cmd/web/auth_handlers.go:504.16,507.3 2 1
github.com/calvarado2004/bakery-go/frontend/cmd/web/auth_handlers.go:509.2,515.16 6 0
github.com/calvarado2004/bakery-go/frontend/cmd/web/auth_handlers.go:515.16,519.3 3 0
github.com/calvarado2004/bakery-go/frontend/cmd/web/auth_handlers.go:521.2,521.53 1 0
github.com/calvarado2004/bakery-go/frontend/cmd/web/auth_handlers.go:521.53,524.3 2 0
github.com/calvarado2004/bakery-go/frontend/cmd/web/auth_handlers.go:526.2,528.53 3 0
github.com/calvarado2004/bakery-go/frontend/cmd/web/auth_handlers.go:528.53,530.3 1 0
github.com/calvarado2004/bakery-go/frontend/cmd/web/auth_handlers.go:532.2,542.9 3 0
github.com/calvarado2004/bakery-go/frontend/cmd/web/auth_handlers.go:542.9,545.3 2 0
github.com/calvarado2004/bakery-go/frontend/cmd/web/auth_handlers.go:546.2,547.16 2 0
github.com/calvarado2004/bakery-go/frontend/cmd/web/auth_handlers.go:547.16,549.3 1 0
github.com/calvarado2004/bakery-go/frontend/cmd/web/auth_handlers.go:552.70,554.21 2 1
github.com/calvarado2004/bakery-go/frontend/cmd/web/auth_handlers.go:554.21,557.3 2 1
github.com/calvarado2004/bakery-go/frontend/cmd/web/auth_handlers.go:559.2,565.16 6 0
github.com/calvarado2004/bakery-go/frontend/cmd/web/auth_handlers.go:565.16,569.3 3 0
github.com/calvarado2004/bakery-go/frontend/cmd/web/auth_handlers.go:571.2,573.53 3 0
github.com/calvarado2004/bakery-go/frontend/cmd/web/auth_handlers.go:573.53,575.3 1 0
github.com/calvarado2004/bakery-go/frontend/cmd/web/auth_handlers.go:577.2,585.9 3 0
github.com/calvarado2004/bakery-go/frontend/cmd/web/auth_handlers.go:585.9,588.3 2 0
github.com/calvarado2004/bakery-go/frontend/cmd/web/auth_handlers.go:589.2,590.16 2 0
github.com/calvarado2004/bakery-go/frontend/cmd/web/auth_handlers.go:590.16,592.3 1 0
github.com/calvarado2004/bakery-go/frontend/cmd/web/auth_handlers.go:595.75,597.21 2 2
github.com/calvarado2004/bakery-go/frontend/cmd/web/auth_handlers.go:597.21,600.3 2 1
github.com/calvarado2004/bakery-go/frontend/cmd/web/auth_handlers.go:602.2,604.16 3 1
github.com/calvarado2004/bakery-go/frontend/cmd/web/auth_handlers.go:604.16,607.3 2 1
github.com/calvarado2004/bakery-go/frontend/cmd/web/auth_handlers.go:609.2,615.16 6 0
github.com/calvarado2004/bakery-go/frontend/cmd/web/auth_handlers.go:615.16,619.3 3 0
github.com/calvarado2004/bakery-go/frontend/cmd/web/auth_handlers.go:621.2,621.45 1 0
github.com/calvarado2004/bakery-go/frontend/cmd/web/auth_handlers.go:621.45,624.3 2 0
github.com/calvarado2004/bakery-go/frontend/cmd/web/auth_handlers.go:626.2,631.53 6 0
github.com/calvarado2004/bakery-go/frontend/cmd/web/auth_handlers.go:631.53,633.3 1 0
github.com/calvarado2004/bakery-go/frontend/cmd/web/auth_handlers.go:635.2,643.9 3 0
github.com/calvarado2004/bakery-go/frontend/cmd/web/auth_handlers.go:643.9,646.3 2 0
github.com/calvarado2004/bakery-go/frontend/cmd/web/auth_handlers.go:647.2,648.16 2 0
github.com/calvarado2004/bakery-go/frontend/cmd/web/auth_handlers.go:648.16,650.3 1 0
github.com/calvarado2004/bakery-go/frontend/cmd/web/main.go:39.50,41.2 1 17
github.com/calvarado2004/bakery-go/frontend/cmd/web/main.go:44.47,46.2 1 4
github.com/calvarado2004/bakery-go/frontend/cmd/web/main.go:82.33,83.58 1 1
github.com/calvarado2004/bakery-go/frontend/cmd/web/main.go:83.58,85.3 1 0
github.com/calvarado2004/bakery-go/frontend/cmd/web/main.go:86.2,86.26 1 1
github.com/calvarado2004/bakery-go/frontend/cmd/web/main.go:91.50,93.49 1 26
github.com/calvarado2004/bakery-go/frontend/cmd/web/main.go:93.49,95.3 1 0
github.com/calvarado2004/bakery-go/frontend/cmd/web/main.go:98.2,99.50 2 26
github.com/calvarado2004/bakery-go/frontend/cmd/web/main.go:99.50,101.3 1 26
github.com/calvarado2004/bakery-go/frontend/cmd/web/main.go:102.2,102.48 1 26
github.com/calvarado2004/bakery-go/frontend/cmd/web/main.go:102.48,104.3 1 26
github.com/calvarado2004/bakery-go/frontend/cmd/web/main.go:106.2,107.49 2 0
github.com/calvarado2004/bakery-go/frontend/cmd/web/main.go:110.13,125.19 7 0
github.com/calvarado2004/bakery-go/frontend/cmd/web/main.go:125.19,127.3 1 0
github.com/calvarado2004/bakery-go/frontend/cmd/web/main.go:128.2,192.49 45 0
github.com/calvarado2004/bakery-go/frontend/cmd/web/main.go:195.58,196.27 1 1
github.com/calvarado2004/bakery-go/frontend/cmd/web/main.go:196.27,199.10 2 1
github.com/calvarado2004/bakery-go/frontend/cmd/web/main.go:199.10,202.4 2 0
github.com/calvarado2004/bakery-go/frontend/cmd/web/main.go:203.3,203.55 1 1
github.com/calvarado2004/bakery-go/frontend/cmd/web/main.go:203.55,205.4 1 0
github.com/calvarado2004/bakery-go/frontend/cmd/web/main.go:206.3,206.9 1 1
github.com/calvarado2004/bakery-go/frontend/cmd/web/main.go:210.2,215.53 3 0
github.com/calvarado2004/bakery-go/frontend/cmd/web/main.go:215.53,217.3 1 0
github.com/calvarado2004/bakery-go/frontend/cmd/web/main.go:219.2,220.16 2 0
github.com/calvarado2004/bakery-go/frontend/cmd/web/main.go:220.16,224.3 3 0
github.com/calvarado2004/bakery-go/frontend/cmd/web/main.go:226.2,229.52 3 0
github.com/calvarado2004/bakery-go/frontend/cmd/web/main.go:229.52,231.3 1 0
github.com/calvarado2004/bakery-go/frontend/cmd/web/main.go:233.2,234.35 2 0
github.com/calvarado2004/bakery-go/frontend/cmd/web/main.go:234.35,238.3 1 0
github.com/calvarado2004/bakery-go/frontend/cmd/web/main.go:241.2,242.9 2 0
github.com/calvarado2004/bakery-go/frontend/cmd/web/main.go:242.9,245.3 2 0
github.com/calvarado2004/bakery-go/frontend/cmd/web/main.go:246.2,247.16 2 0
github.com/calvarado2004/bakery-go/frontend/cmd/web/main.go:247.16,249.3 1 0
github.com/calvarado2004/bakery-go/frontend/cmd/web/main.go:254.62,255.54 1 76
github.com/calvarado2004/bakery-go/frontend/cmd/web/main.go:255.54,257.10 2 46
github.com/calvarado2004/bakery-go/frontend/cmd/web/main.go:257.10,260.4 2 2
github.com/calvarado2004/bakery-go/frontend/cmd/web/main.go:261.3,262.17 2 44
github.com/calvarado2004/bakery-go/frontend/cmd/web/main.go:262.17,264.4 1 0
github.com/calvarado2004/bakery-go/frontend/cmd/web/main.go:270.66,276.16 3 1
github.com/calvarado2004/bakery-go/frontend/cmd/web/main.go:276.16,280.3 3 1
github.com/calvarado2004/bakery-go/frontend/cmd/web/main.go:281.2,284.16 3 0
github.com/calvarado2004/bakery-go/frontend/cmd/web/main.go:284.16,288.3 3 0
github.com/calvarado2004/bakery-go/frontend/cmd/web/main.go:290.2,297.9 3 0
github.com/calvarado2004/bakery-go/frontend/cmd/web/main.go:297.9,300.3 2 0
github.com/calvarado2004/bakery-go/frontend/cmd/web/main.go:302.2,303.16 2 0
github.com/calvarado2004/bakery-go/frontend/cmd/web/main.go:303.16,305.3 1 0
github.com/calvarado2004/bakery-go/frontend/cmd/web/main.go:308.60,313.27 4 2
github.com/calvarado2004/bakery-go/frontend/cmd/web/main.go:313.27,316.3 2 2
github.com/calvarado2004/bakery-go/frontend/cmd/web/main.go:319.2,323.53 3 0
github.com/calvarado2004/bakery-go/frontend/cmd/web/main.go:323.53,325.3 1 0
github.com/calvarado2004/bakery-go/frontend/cmd/web/main.go:328.2,329.16 2 0
github.com/calvarado2004/bakery-go/frontend/cmd/web/main.go:329.16,333.3 3 0
github.com/calvarado2004/bakery-go/frontend/cmd/web/main.go:335.2,335.6 1 0
github.com/calvarado2004/bakery-go/frontend/cmd/web/main.go:335.6,337.20 2 0
github.com/calvarado2004/bakery-go/frontend/cmd/web/main.go:337.20,338.9 1 0
github.com/calvarado2004/bakery-go/frontend/cmd/web/main.go:340.3,340.17 1 0
github.com/calvarado2004/bakery-go/frontend/cmd/web/main.go:340.17,341.88 1 0
github.com/calvarado2004/bakery-go/frontend/cmd/web/main.go:341.88,343.10 2 0
github.com/calvarado2004/bakery-go/frontend/cmd/web/main.go:345.4,346.9 2 0
github.com/calvarado2004/bakery-go/frontend/cmd/web/main.go:349.3,350.54 2 0
github.com/calvarado2004/bakery-go/frontend/cmd/web/main.go:350.54,362.18 4 0
github.com/calvarado2004/bakery-go/frontend/cmd/web/main.go:362.18,364.13 2 0
github.com/calvarado2004/bakery-go/frontend/cmd/web/main.go:366.4,367.18 2 0
github.com/calvarado2004/bakery-go/frontend/cmd/web/main.go:367.18,368.114 1 0
github.com/calvarado2004/bakery-go/frontend/cmd/web/main.go:368.114,371.6 2 0
github.com/calvarado2004/bakery-go/frontend/cmd/web/main.go:372.5,373.11 2 0
github.com/calvarado2004/bakery-go/frontend/cmd/web/main.go:376.4,376.37 1 0
github.com/calvarado2004/bakery-go/frontend/cmd/web/main.go:376.37,378.5 1 0
github.com/calvarado2004/bakery-go/frontend/cmd/web/main.go:378.10,380.5 1 0
github.com/calvarado2004/bakery-go/frontend/cmd/web/main.go:385.65,390.27 4 2
github.com/calvarado2004/bakery-go/frontend/cmd/web/main.go:390.27,393.3 2 2
github.com/calvarado2004/bakery-go/frontend/cmd/web/main.go:396.2,400.63 3 0
github.com/calvarado2004/bakery-go/frontend/cmd/web/main.go:400.63,402.3 1 0
github.com/calvarado2004/bakery-go/frontend/cmd/web/main.go:405.2,406.16 2 0
github.com/calvarado2004/bakery-go/frontend/cmd/web/main.go:406.16,409.3 2 0
github.com/calvarado2004/bakery-go/frontend/cmd/web/main.go:412.2,412.6 1 0
github.com/calvarado2004/bakery-go/frontend/cmd/web/main.go:412.6,414.20 2 0
github.com/calvarado2004/bakery-go/frontend/cmd/web/main.go:414.20,416.9 1 0
github.com/calvarado2004/bakery-go/frontend/cmd/web/main.go:418.3,418.17 1 0
github.com/calvarado2004/bakery-go/frontend/cmd/web/main.go:418.17,419.88 1 0
github.com/calvarado2004/bakery-go/frontend/cmd/web/main.go:419.88,422.5 2 0
github.com/calvarado2004/bakery-go/frontend/cmd/web/main.go:423.4,425.10 3 0
github.com/calvarado2004/bakery-go/frontend/cmd/web/main.go:429.3,430.17 2 0
github.com/calvarado2004/bakery-go/frontend/cmd/web/main.go:430.17,433.4 2 0
github.com/calvarado2004/bakery-go/frontend/cmd/web/main.go:436.3,437.17 2 0
github.com/calvarado2004/bakery-go/frontend/cmd/web/main.go:437.17,438.113 1 0
github.com/calvarado2004/bakery-go/frontend/cmd/web/main.go:438.113,441.5 2 0
github.com/calvarado2004/bakery-go/frontend/cmd/web/main.go:442.4,442.10 1 0
github.com/calvarado2004/bakery-go/frontend/cmd/web/main.go:446.3,447.10 2 0
github.com/calvarado2004/bakery-go/frontend/cmd/web/main.go:447.10,450.4 2 0
github.com/calvarado2004/bakery-go/frontend/cmd/web/main.go:451.3,451.18 1 0
github.com/calvarado2004/bakery-go/frontend/cmd/web/main.go:460.22,478.42 4 1
github.com/calvarado2004/bakery-go/frontend/cmd/web/main.go:478.42,481.17 3 8
github.com/calvarado2004/bakery-go/frontend/cmd/web/main.go:481.17,483.4 1 0
github.com/calvarado2004/bakery-go/frontend/cmd/web/main.go:484.3,484.31 1 8
github.com/calvarado2004/bakery-go/frontend/cmd/web/main.go:488.2,490.16 3 1
github.com/calvarado2004/bakery-go/frontend/cmd/web/main.go:490.16,492.3 1 0
github.com/calvarado2004/bakery-go/frontend/cmd/web/main.go:493.2,500.16 5 1
github.com/calvarado2004/bakery-go/frontend/cmd/web/main.go:500.16,502.3 1 0
github.com/calvarado2004/bakery-go/frontend/cmd/web/main.go:503.2,514.43 4 1
github.com/calvarado2004/bakery-go/frontend/cmd/web/main.go:514.43,517.17 3 4
github.com/calvarado2004/bakery-go/frontend/cmd/web/main.go:517.17,519.4 1 0
github.com/calvarado2004/bakery-go/frontend/cmd/web/main.go:520.3,520.32 1 4
github.com/calvarado2004/bakery-go/frontend/cmd/web/main.go:524.2,526.16 3 1
github.com/calvarado2004/bakery-go/frontend/cmd/web/main.go:526.16,528.3 1 0
github.com/calvarado2004/bakery-go/frontend/cmd/web/main.go:529.2,535.16 5 1
github.com/calvarado2004/bakery-go/frontend/cmd/web/main.go:535.16,537.3 1 0
github.com/calvarado2004/bakery-go/frontend/cmd/web/main.go:538.2,551.41 3 1
github.com/calvarado2004/bakery-go/frontend/cmd/web/main.go:551.41,553.17 2 8
github.com/calvarado2004/bakery-go/frontend/cmd/web/main.go:553.17,555.4 1 0
github.com/calvarado2004/bakery-go/frontend/cmd/web/main.go:556.3,556.24 1 8
github.com/calvarado2004/bakery-go/frontend/cmd/web/main.go:559.2,559.66 1 1
github.com/calvarado2004/bakery-go/frontend/cmd/web/main.go:565.33,566.27 1 0
github.com/calvarado2004/bakery-go/frontend/cmd/web/main.go:566.27,568.51 2 0
github.com/calvarado2004/bakery-go/frontend/cmd/web/main.go:568.51,569.51 1 0
github.com/calvarado2004/bakery-go/frontend/cmd/web/main.go:569.51,571.5 1 0
github.com/calvarado2004/bakery-go/frontend/cmd/web/main.go:574.3,587.17 6 0
github.com/calvarado2004/bakery-go/frontend/cmd/web/main.go:587.17,589.4 1 0
github.com/calvarado2004/bakery-go/frontend/cmd/web/main.go:590.3,590.70 1 0
github.com/calvarado2004/bakery-go/makers/main.go:45.64,47.2 1 0
github.com/calvarado2004/bakery-go/makers/main.go:61.61,62.19 1 19
github.com/calvarado2004/bakery-go/makers/main.go:62.19,64.3 1 12
github.com/calvarado2004/bakery-go/makers/main.go:65.2,69.3 1 19
github.com/calvarado2004/bakery-go/makers/main.go:74.72,76.12 2 7
github.com/calvarado2004/bakery-go/makers/main.go:76.12,79.3 2 7
github.com/calvarado2004/bakery-go/makers/main.go:83.32,84.26 1 8
github.com/calvarado2004/bakery-go/makers/main.go:84.26,86.3 1 1
github.com/calvarado2004/bakery-go/makers/main.go:87.2,87.17 1 7
github.com/calvarado2004/bakery-go/makers/main.go:90.62,93.32 2 7
github.com/calvarado2004/bakery-go/makers/main.go:93.32,95.48 2 7
github.com/calvarado2004/bakery-go/makers/main.go:95.48,97.11 2 2
github.com/calvarado2004/bakery-go/makers/main.go:98.22,99.11 1 0
github.com/calvarado2004/bakery-go/makers/main.go:100.20,101.11 1 2
github.com/calvarado2004/bakery-go/makers/main.go:102.38,103.13 1 0
github.com/calvarado2004/bakery-go/makers/main.go:108.3,109.10 2 5
github.com/calvarado2004/bakery-go/makers/main.go:110.21,111.10 1 0
github.com/calvarado2004/bakery-go/makers/main.go:112.19,113.10 1 5
github.com/calvarado2004/bakery-go/makers/main.go:114.37,114.37 0 0
github.com/calvarado2004/bakery-go/makers/main.go:119.68,123.16 3 7
github.com/calvarado2004/bakery-go/makers/main.go:123.16,125.3 1 2
github.com/calvarado2004/bakery-go/makers/main.go:126.2,129.16 3 5
github.com/calvarado2004/bakery-go/makers/main.go:129.16,131.3 1 0
github.com/calvarado2004/bakery-go/makers/main.go:132.2,137.44 4 5
github.com/calvarado2004/bakery-go/makers/main.go:137.44,139.3 1 0
github.com/calvarado2004/bakery-go/makers/main.go:141.2,144.16 2 5
github.com/calvarado2004/bakery-go/makers/main.go:144.16,146.3 1 0
github.com/calvarado2004/bakery-go/makers/main.go:148.2,155.16 3 5
github.com/calvarado2004/bakery-go/makers/main.go:155.16,157.3 1 0
github.com/calvarado2004/bakery-go/makers/main.go:159.2,159.30 1 5
github.com/calvarado2004/bakery-go/makers/main.go:159.30,163.63 1 10
github.com/calvarado2004/bakery-go/makers/main.go:163.63,165.54 2 0
github.com/calvarado2004/bakery-go/makers/main.go:165.54,167.5 1 0
github.com/calvarado2004/bakery-go/makers/main.go:168.9,169.45 1 10
github.com/calvarado2004/bakery-go/makers/main.go:169.45,171.5 1 0
github.com/calvarado2004/bakery-go/makers/main.go:174.3,174.10 1 10
github.com/calvarado2004/bakery-go/makers/main.go:175.21,176.9 1 0
github.com/calvarado2004/bakery-go/makers/main.go:177.11,177.11 0 10
github.com/calvarado2004/bakery-go/makers/main.go:180.2,180.12 1 5
github.com/calvarado2004/bakery-go/makers/main.go:185.90,187.50 2 10
github.com/calvarado2004/bakery-go/makers/main.go:187.50,189.3 1 0
github.com/calvarado2004/bakery-go/makers/main.go:191.2,198.16 4 10
github.com/calvarado2004/bakery-go/makers/main.go:198.16,200.3 1 0
github.com/calvarado2004/bakery-go/makers/main.go:202.2,211.18 1 10
github.com/calvarado2004/bakery-go/makers/main.go:211.18,213.3 1 0
github.com/calvarado2004/bakery-go/makers/main.go:215.2,216.12 2 10
github.com/calvarado2004/bakery-go/makers/main.go:221.89,223.50 2 18
github.com/calvarado2004/bakery-go/makers/main.go:223.50,225.3 1 6
github.com/calvarado2004/bakery-go/makers/main.go:227.2,232.8 2 12
github.com/calvarado2004/bakery-go/makers/main.go:236.13,264.2 17 0
github.com/calvarado2004/bakery-go/pkg/resilience/circuit_breaker.go:28.32,29.11 1 4
github.com/calvarado2004/bakery-go/pkg/resilience/circuit_breaker.go:30.19,31.18 1 1
github.com/calvarado2004/bakery-go/pkg/resilience/circuit_breaker.go:32.17,33.16 1 1
github.com/calvarado2004/bakery-go/pkg/resilience/circuit_breaker.go:34.21,35.21 1 1
github.com/calvarado2004/bakery-go/pkg/resilience/circuit_breaker.go:36.10,37.19 1 1
github.com/calvarado2004/bakery-go/pkg/resilience/circuit_breaker.go:77.54,78.32 1 13
github.com/calvarado2004/bakery-go/pkg/resilience/circuit_breaker.go:78.32,80.3 1 2
github.com/calvarado2004/bakery-go/pkg/resilience/circuit_breaker.go:81.2,81.28 1 13
github.com/calvarado2004/bakery-go/pkg/resilience/circuit_breaker.go:81.28,83.3 1 3
github.com/calvarado2004/bakery-go/pkg/resilience/circuit_breaker.go:84.2,88.3 1 13
github.com/calvarado2004/bakery-go/pkg/resilience/circuit_breaker.go:94.76,98.18 3 32
github.com/calvarado2004/bakery-go/pkg/resilience/circuit_breaker.go:99.19,100.17 1 14
github.com/calvarado2004/bakery-go/pkg/resilience/circuit_breaker.go:102.17,104.31 2 17
github.com/calvarado2004/bakery-go/pkg/resilience/circuit_breaker.go:104.31,107.4 2 4
github.com/calvarado2004/bakery-go/pkg/resilience/circuit_breaker.go:108.3,108.40 1 13
github.com/calvarado2004/bakery-go/pkg/resilience/circuit_breaker.go:110.21,112.26 1 1
github.com/calvarado2004/bakery-go/pkg/resilience/circuit_breaker.go:112.26,114.4 1 0
github.com/calvarado2004/bakery-go/pkg/resilience/circuit_breaker.go:115.3,115.17 1 1
github.com/calvarado2004/bakery-go/pkg/resilience/circuit_breaker.go:117.10,118.18 1 0
github.com/calvarado2004/bakery-go/pkg/resilience/circuit_breaker.go:124.43,128.31 3 21
github.com/calvarado2004/bakery-go/pkg/resilience/circuit_breaker.go:128.31,133.3 4 1
github.com/calvarado2004/bakery-go/pkg/resilience/circuit_breaker.go:138.43,144.18 4 41
github.com/calvarado2004/bakery-go/pkg/resilience/circuit_breaker.go:145.21,149.22 4 1
github.com/calvarado2004/bakery-go/pkg/resilience/circuit_breaker.go:151.19,153.45 2 30
github.com/calvarado2004/bakery-go/pkg/resilience/circuit_breaker.go:153.45,158.4 3 9
github.com/calvarado2004/bakery-go/pkg/resilience/circuit_breaker.go:160.17,161.20 1 10
github.com/calvarado2004/bakery-go/pkg/resilience/circuit_breaker.go:166.41,170.2 3 7
github.com/calvarado2004/bakery-go/pkg/resilience/circuit_breaker.go:199.68,203.57 3 6
github.com/calvarado2004/bakery-go/pkg/resilience/circuit_breaker.go:203.57,205.32 1 13
github.com/calvarado2004/bakery-go/pkg/resilience/circuit_breaker.go:205.32,207.16 2 5
github.com/calvarado2004/bakery-go/pkg/resilience/circuit_breaker.go:207.16,211.5 2 2
github.com/calvarado2004/bakery-go/pkg/resilience/circuit_breaker.go:214.3,215.21 2 11
github.com/calvarado2004/bakery-go/pkg/resilience/circuit_breaker.go:215.21,216.33 1 2
github.com/calvarado2004/bakery-go/pkg/resilience/circuit_breaker.go:216.33,218.5 1 0
github.com/calvarado2004/bakery-go/pkg/resilience/circuit_breaker.go:219.4,219.14 1 2
github.com/calvarado2004/bakery-go/pkg/resilience/circuit_breaker.go:223.3,223.32 1 9
github.com/calvarado2004/bakery-go/pkg/resilience/circuit_breaker.go:223.32,225.4 1 3
github.com/calvarado2004/bakery-go/pkg/resilience/circuit_breaker.go:227.3,227.31 1 9
github.com/calvarado2004/bakery-go/pkg/resilience/circuit_breaker.go:227.31,233.11 2 8
github.com/calvarado2004/bakery-go/pkg/resilience/circuit_breaker.go:234.22,235.21 1 1
github.com/calvarado2004/bakery-go/pkg/resilience/circuit_breaker.go:236.29,236.29 0 7
github.com/calvarado2004/bakery-go/pkg/resilience/circuit_breaker.go:239.4,240.28 2 7
github.com/calvarado2004/bakery-go/pkg/resilience/circuit_breaker.go:240.28,242.5 1 0
github.com/calvarado2004/bakery-go/pkg/resilience/circuit_breaker.go:246.2,246.78 1 1
github.com/calvarado2004/bakery-go/pkg/resilience/circuit_breaker.go:264.63,271.2 1 11
github.com/calvarado2004/bakery-go/pkg/resilience/circuit_breaker.go:274.37,281.30 6 136
github.com/calvarado2004/bakery-go/pkg/resilience/circuit_breaker.go:281.30,283.3 1 12
github.com/calvarado2004/bakery-go/pkg/resilience/circuit_breaker.go:284.2,286.20 2 136
github.com/calvarado2004/bakery-go/pkg/resilience/circuit_breaker.go:286.20,289.3 2 80
github.com/calvarado2004/bakery-go/pkg/resilience/circuit_breaker.go:290.2,290.14 1 56
github.com/calvarado2004/bakery-go/pkg/resilience/circuit_breaker.go:304.77,310.2 1 5
github.com/calvarado2004/bakery-go/pkg/resilience/circuit_breaker.go:313.46,316.13 3 109
github.com/calvarado2004/bakery-go/pkg/resilience/circuit_breaker.go:316.13,319.3 2 6
github.com/calvarado2004/bakery-go/pkg/resilience/circuit_breaker.go:320.2,321.19 2 109
github.com/calvarado2004/bakery-go/proto/bread.pb.go:41.25,46.2 4 0
github.com/calvarado2004/bakery-go/proto/bread.pb.go:48.33,50.2 1 0
github.com/calvarado2004/bakery-go/proto/bread.pb.go:52.31,52.32 0 0
github.com/calvarado2004/bakery-go/proto/bread.pb.go:54.53,56.14 2 0
github.com/calvarado2004/bakery-go/proto/bread.pb.go:56.14,58.34 2 0
github.com/calvarado2004/bakery-go/proto/bread.pb.go:58.34,60.4 1 0
github.com/calvarado2004/bakery-go/proto/bread.pb.go:61.3,61.12 1 0
github.com/calvarado2004/bakery-go/proto/bread.pb.go:63.2,63.24 1 0
github.com/calvarado2004/bakery-go/proto/bread.pb.go:67.44,69.2 1 0
github.com/calvarado2004/bakery-go/proto/bread.pb.go:71.31,72.14 1 0
github.com/calvarado2004/bakery-go/proto/bread.pb.go:72.14,74.3 1 0
github.com/calvarado2004/bakery-go/proto/bread.pb.go:75.2,75.10 1 0
github.com/calvarado2004/bakery-go/proto/bread.pb.go:78.34,79.14 1 0
github.com/calvarado2004/bakery-go/proto/bread.pb.go:79.14,81.3 1 0
github.com/calvarado2004/bakery-go/proto/bread.pb.go:82.2,82.11 1 0
github.com/calvarado2004/bakery-go/proto/bread.pb.go:85.36,86.14 1 0
github.com/calvarado2004/bakery-go/proto/bread.pb.go:86.14,88.3 1 0
github.com/calvarado2004/bakery-go/proto/bread.pb.go:89.2,89.10 1 0
github.com/calvarado2004/bakery-go/proto/bread.pb.go:92.37,93.14 1 0
github.com/calvarado2004/bakery-go/proto/bread.pb.go:93.14,95.3 1 0
github.com/calvarado2004/bakery-go/proto/bread.pb.go:96.2,96.10 1 0
github.com/calvarado2004/bakery-go/proto/bread.pb.go:99.41,100.14 1 0
github.com/calvarado2004/bakery-go/proto/bread.pb.go:100.14,102.3 1 0
github.com/calvarado2004/bakery-go/proto/bread.pb.go:103.2,103.11 1 0
github.com/calvarado2004/bakery-go/proto/bread.pb.go:106.34,107.14 1 0
github.com/calvarado2004/bakery-go/proto/bread.pb.go:107.14,109.3 1 0
github.com/calvarado2004/bakery-go/proto/bread.pb.go:110.2,110.11 1 0
github.com/calvarado2004/bakery-go/proto/bread.pb.go:113.36,114.14 1 0
github.com/calvarado2004/bakery-go/proto/bread.pb.go:114.14,116.3 1 0
github.com/calvarado2004/bakery-go/proto/bread.pb.go:117.2,117.11 1 0
github.com/calvarado2004/bakery-go/proto/bread.pb.go:120.55,121.14 1 0
github.com/calvarado2004/bakery-go/proto/bread.pb.go:121.14,123.3 1 0
github.com/calvarado2004/bakery-go/proto/bread.pb.go:124.2,124.12 1 0
github.com/calvarado2004/bakery-go/proto/bread.pb.go:127.55,128.14 1 0
github.com/calvarado2004/bakery-go/proto/bread.pb.go:128.14,130.3 1 0
github.com/calvarado2004/bakery-go/proto/bread.pb.go:131.2,131.12 1 0
github.com/calvarado2004/bakery-go/proto/bread.pb.go:134.35,135.14 1 0
github.com/calvarado2004/bakery-go/proto/bread.pb.go:135.14,137.3 1 0
github.com/calvarado2004/bakery-go/proto/bread.pb.go:138.2,138.11 1 0
github.com/calvarado2004/bakery-go/proto/bread.pb.go:152.32,157.2 4 0
github.com/calvarado2004/bakery-go/proto/bread.pb.go:159.40,161.2 1 0
github.com/calvarado2004/bakery-go/proto/bread.pb.go:163.38,163.39 0 0
github.com/calvarado2004/bakery-go/proto/bread.pb.go:165.60,167.14 2 0
github.com/calvarado2004/bakery-go/proto/bread.pb.go:167.14,169.34 2 0
github.com/calvarado2004/bakery-go/proto/bread.pb.go:169.34,171.4 1 0
github.com/calvarado2004/bakery-go/proto/bread.pb.go:172.3,172.12 1 0
github.com/calvarado2004/bakery-go/proto/bread.pb.go:174.2,174.24 1 0
github.com/calvarado2004/bakery-go/proto/bread.pb.go:178.51,180.2 1 0
github.com/calvarado2004/bakery-go/proto/bread.pb.go:182.43,183.14 1 0
github.com/calvarado2004/bakery-go/proto/bread.pb.go:183.14,185.3 1 0
github.com/calvarado2004/bakery-go/proto/bread.pb.go:186.2,186.10 1 0
github.com/calvarado2004/bakery-go/proto/bread.pb.go:189.53,190.14 1 0
github.com/calvarado2004/bakery-go/proto/bread.pb.go:190.14,192.3 1 0
github.com/calvarado2004/bakery-go/proto/bread.pb.go:193.2,193.10 1 0
github.com/calvarado2004/bakery-go/proto/bread.pb.go:196.53,197.14 1 0
github.com/calvarado2004/bakery-go/proto/bread.pb.go:197.14,199.3 1 0
github.com/calvarado2004/bakery-go/proto/bread.pb.go:200.2,200.10 1 0
github.com/calvarado2004/bakery-go/proto/bread.pb.go:203.46,204.14 1 0
github.com/calvarado2004/bakery-go/proto/bread.pb.go:204.14,206.3 1 0
github.com/calvarado2004/bakery-go/proto/bread.pb.go:207.2,207.10 1 0
github.com/calvarado2004/bakery-go/proto/bread.pb.go:210.43,211.14 1 0
github.com/calvarado2004/bakery-go/proto/bread.pb.go:211.14,213.3 1 0
github.com/calvarado2004/bakery-go/proto/bread.pb.go:214.2,214.11 1 0
github.com/calvarado2004/bakery-go/proto/bread.pb.go:234.28,239.2 4 0
github.com/calvarado2004/bakery-go/proto/bread.pb.go:241.36,243.2 1 0
github.com/calvarado2004/bakery-go/proto/bread.pb.go:245.34,245.35 0 0
github.com/calvarado2004/bakery-go/proto/bread.pb.go:247.56,249.14 2 0
github.com/calvarado2004/bakery-go/proto/bread.pb.go:249.14,251.34 2 0
github.com/calvarado2004/bakery-go/proto/bread.pb.go:251.34,253.4 1 0
github.com/calvarado2004/bakery-go/proto/bread.pb.go:254.3,254.12 1 0
github.com/calvarado2004/bakery-go/proto/bread.pb.go:256.2,256.24 1 0
github.com/calvarado2004/bakery-go/proto/bread.pb.go:260.47,262.2 1 0
github.com/calvarado2004/bakery-go/proto/bread.pb.go:264.34,265.14 1 0
github.com/calvarado2004/bakery-go/proto/bread.pb.go:265.14,267.3 1 0
github.com/calvarado2004/bakery-go/proto/bread.pb.go:268.2,268.10 1 0
github.com/calvarado2004/bakery-go/proto/bread.pb.go:271.42,272.14 1 0
github.com/calvarado2004/bakery-go/proto/bread.pb.go:272.14,274.3 1 0
github.com/calvarado2004/bakery-go/proto/bread.pb.go:275.2,275.10 1 0
github.com/calvarado2004/bakery-go/proto/bread.pb.go:278.45,279.14 1 0
github.com/calvarado2004/bakery-go/proto/bread.pb.go:279.14,281.3 1 0
github.com/calvarado2004/bakery-go/proto/bread.pb.go:282.2,282.11 1 0
github.com/calvarado2004/bakery-go/proto/bread.pb.go:285.43,286.14 1 0
github.com/calvarado2004/bakery-go/proto/bread.pb.go:286.14,288.3 1 0
github.com/calvarado2004/bakery-go/proto/bread.pb.go:289.2,289.10 1 0
github.com/calvarado2004/bakery-go/proto/bread.pb.go:292.39,293.14 1 0
github.com/calvarado2004/bakery-go/proto/bread.pb.go:293.14,295.3 1 0
github.com/calvarado2004/bakery-go/proto/bread.pb.go:296.2,296.11 1 0
github.com/calvarado2004/bakery-go/proto/bread.pb.go:299.46,300.14 1 0
github.com/calvarado2004/bakery-go/proto/bread.pb.go:300.14,302.3 1 0
github.com/calvarado2004/bakery-go/proto/bread.pb.go:303.2,303.10 1 0
github.com/calvarado2004/bakery-go/proto/bread.pb.go:306.42,307.14 1 0
github.com/calvarado2004/bakery-go/proto/bread.pb.go:307.14,309.3 1 0
github.com/calvarado2004/bakery-go/proto/bread.pb.go:310.2,310.10 1 0
github.com/calvarado2004/bakery-go/proto/bread.pb.go:313.43,314.14 1 0
github.com/calvarado2004/bakery-go/proto/bread.pb.go:314.14,316.3 1 0
github.com/calvarado2004/bakery-go/proto/bread.pb.go:317.2,317.14 1 0
github.com/calvarado2004/bakery-go/proto/bread.pb.go:320.51,321.14 1 0
github.com/calvarado2004/bakery-go/proto/bread.pb.go:321.14,323.3 1 0
github.com/calvarado2004/bakery-go/proto/bread.pb.go:324.2,324.14 1 0
github.com/calvarado2004/bakery-go/proto/bread.pb.go:327.58,328.14 1 0
github.com/calvarado2004/bakery-go/proto/bread.pb.go:328.14,330.3 1 0
github.com/calvarado2004/bakery-go/proto/bread.pb.go:331.2,331.12 1 0
github.com/calvarado2004/bakery-go/proto/bread.pb.go:334.47,335.14 1 0
github.com/calvarado2004/bakery-go/proto/bread.pb.go:335.14,337.3 1 0
github.com/calvarado2004/bakery-go/proto/bread.pb.go:338.2,338.12 1 0
github.com/calvarado2004/bakery-go/proto/bread.pb.go:355.35,360.2 4 0
github.com/calvarado2004/bakery-go/proto/bread.pb.go:362.43,364.2 1 0
github.com/calvarado2004/bakery-go/proto/bread.pb.go:366.41,366.42 0 0
github.com/calvarado2004/bakery-go/proto/bread.pb.go:368.63,370.14 2 0
github.com/calvarado2004/bakery-go/proto/bread.pb.go:370.14,372.34 2 0
github.com/calvarado2004/bakery-go/proto/bread.pb.go:372.34,374.4 1 0
github.com/calvarado2004/bakery-go/proto/bread.pb.go:375.3,375.12 1 0
github.com/calvarado2004/bakery-go/proto/bread.pb.go:377.2,377.24 1 0
github.com/calvarado2004/bakery-go/proto/bread.pb.go:381.54,383.2 1 0
github.com/calvarado2004/bakery-go/proto/bread.pb.go:385.49,386.14 1 0
github.com/calvarado2004/bakery-go/proto/bread.pb.go:386.14,388.3 1 0
github.com/calvarado2004/bakery-go/proto/bread.pb.go:389.2,389.10 1 0
github.com/calvarado2004/bakery-go/proto/bread.pb.go:392.52,393.14 1 0
github.com/calvarado2004/bakery-go/proto/bread.pb.go:393.14,395.3 1 0
github.com/calvarado2004/bakery-go/proto/bread.pb.go:396.2,396.11 1 0
github.com/calvarado2004/bakery-go/proto/bread.pb.go:399.46,400.14 1 0
github.com/calvarado2004/bakery-go/proto/bread.pb.go:400.14,402.3 1 0
github.com/calvarado2004/bakery-go/proto/bread.pb.go:403.2,403.10 1 0
github.com/calvarado2004/bakery-go/proto/bread.pb.go:406.47,407.14 1 0
github.com/calvarado2004/bakery-go/proto/bread.pb.go:407.14,409.3 1 0
github.com/calvarado2004/bakery-go/proto/bread.pb.go:410.2,410.10 1 0
github.com/calvarado2004/bakery-go/proto/bread.pb.go:413.46,414.14 1 0
github.com/calvarado2004/bakery-go/proto/bread.pb.go:414.14,416.3 1 0
github.com/calvarado2004/bakery-go/proto/bread.pb.go:417.2,417.10 1 0
github.com/calvarado2004/bakery-go/proto/bread.pb.go:420.46,421.14 1 0
github.com/calvarado2004/bakery-go/proto/bread.pb.go:421.14,423.3 1 0
github.com/calvarado2004/bakery-go/proto/bread.pb.go:424.2,424.11 1 0
github.com/calvarado2004/bakery-go/proto/bread.pb.go:427.65,428.14 1 0
github.com/calvarado2004/bakery-go/proto/bread.pb.go:428.14,430.3 1 0
github.com/calvarado2004/bakery-go/proto/bread.pb.go:431.2,431.12 1 0
github.com/calvarado2004/bakery-go/proto/bread.pb.go:434.65,435.14 1 0
github.com/calvarado2004/bakery-go/proto/bread.pb.go:435.14,437.3 1 0
github.com/calvarado2004/bakery-go/proto/bread.pb.go:438.2,438.12 1 0
github.com/calvarado2004/bakery-go/proto/bread.pb.go:449.32,454.2 4 0
github.com/calvarado2004/bakery-go/proto/bread.pb.go:456.40,458.2 1 0
github.com/calvarado2004/bakery-go/proto/bread.pb.go:460.38,460.39 0 0
github.com/calvarado2004/bakery-go/proto/bread.pb.go:462.60,464.14 2 0
github.com/calvarado2004/bakery-go/proto/bread.pb.go:464.14,466.34 2 0
github.com/calvarado2004/bakery-go/proto/bread.pb.go:466.34,468.4 1 0
github.com/calvarado2004/bakery-go/proto/bread.pb.go:469.3,469.12 1 0
github.com/calvarado2004/bakery-go/proto/bread.pb.go:471.2,471.24 1 0
github.com/calvarado2004/bakery-go/proto/bread.pb.go:475.51,477.2 1 0
github.com/calvarado2004/bakery-go/proto/bread.pb.go:479.51,480.14 1 0
github.com/calvarado2004/bakery-go/proto/bread.pb.go:480.14,482.3 1 0
github.com/calvarado2004/bakery-go/proto/bread.pb.go:483.2,483.12 1 0
github.com/calvarado2004/bakery-go/proto/bread.pb.go:486.64,487.14 1 0
github.com/calvarado2004/bakery-go/proto/bread.pb.go:487.14,489.3 1 0
github.com/calvarado2004/bakery-go/proto/bread.pb.go:490.2,490.12 1 0
github.com/calvarado2004/bakery-go/proto/bread.pb.go:501.35,506.2 4 0
github.com/calvarado2004/bakery-go/proto/bread.pb.go:508.43,510.2 1 0
github.com/calvarado2004/bakery-go/proto/bread.pb.go:512.41,512.42 0 0
github.com/calvarado2004/bakery-go/proto/bread.pb.go:514.63,516.14 2 0
github.com/calvarado2004/bakery-go/proto/bread.pb.go:516.14,518.34 2 0
github.com/calvarado2004/bakery-go/proto/bread.pb.go:518.34,520.4 1 0
github.com/calvarado2004/bakery-go/proto/bread.pb.go:521.3,521.12 1 0
github.com/calvarado2004/bakery-go/proto/bread.pb.go:523.2,523.24 1 0
github.com/calvarado2004/bakery-go/proto/bread.pb.go:527.54,529.2 1 0
github.com/calvarado2004/bakery-go/proto/bread.pb.go:531.56,532.14 1 0
github.com/calvarado2004/bakery-go/proto/bread.pb.go:532.14,534.3 1 0
github.com/calvarado2004/bakery-go/proto/bread.pb.go:535.2,535.12 1 0
github.com/calvarado2004/bakery-go/proto/bread.pb.go:538.52,539.14 1 0
github.com/calvarado2004/bakery-go/proto/bread.pb.go:539.14,541.3 1 0
github.com/calvarado2004/bakery-go/proto/bread.pb.go:542.2,542.11 1 0
github.com/calvarado2004/bakery-go/proto/bread.pb.go:554.36,559.2 4 0
github.com/calvarado2004/bakery-go/proto/bread.pb.go:561.44,563.2 1 0
github.com/calvarado2004/bakery-go/proto/bread.pb.go:565.42,565.43 0 0
github.com/calvarado2004/bakery-go/proto/bread.pb.go:567.64,569.14 2 0
github.com/calvarado2004/bakery-go/proto/bread.pb.go:569.14,571.34 2 0
github.com/calvarado2004/bakery-go/proto/bread.pb.go:571.34,573.4 1 0
github.com/calvarado2004/bakery-go/proto/bread.pb.go:574.3,574.12 1 0
github.com/calvarado2004/bakery-go/proto/bread.pb.go:576.2,576.24 1 0
github.com/calvarado2004/bakery-go/proto/bread.pb.go:580.55,582.2 1 0
github.com/calvarado2004/bakery-go/proto/bread.pb.go:584.48,585.14 1 0
github.com/calvarado2004/bakery-go/proto/bread.pb.go:585.14,587.3 1 0
github.com/calvarado2004/bakery-go/proto/bread.pb.go:588.2,588.11 1 0
github.com/calvarado2004/bakery-go/proto/bread.pb.go:591.57,592.14 1 0
github.com/calvarado2004/bakery-go/proto/bread.pb.go:592.14,594.3 1 0
github.com/calvarado2004/bakery-go/proto/bread.pb.go:595.2,595.12 1 0
github.com/calvarado2004/bakery-go/proto/bread.pb.go:598.46,599.14 1 0
github.com/calvarado2004/bakery-go/proto/bread.pb.go:599.14,601.3 1 0
github.com/calvarado2004/bakery-go/proto/bread.pb.go:602.2,602.11 1 0
github.com/calvarado2004/bakery-go/proto/bread.pb.go:613.29,618.2 4 0
github.com/calvarado2004/bakery-go/proto/bread.pb.go:620.37,622.2 1 0
github.com/calvarado2004/bakery-go/proto/bread.pb.go:624.35,624.36 0 0
github.com/calvarado2004/bakery-go/proto/bread.pb.go:626.57,628.14 2 0
github.com/calvarado2004/bakery-go/proto/bread.pb.go:628.14,630.34 2 0
github.com/calvarado2004/bakery-go/proto/bread.pb.go:630.34,632.4 1 0
github.com/calvarado2004/bakery-go/proto/bread.pb.go:633.3,633.12 1 0
github.com/calvarado2004/bakery-go/proto/bread.pb.go:635.2,635.24 1 0
github.com/calvarado2004/bakery-go/proto/bread.pb.go:639.48,641.2 1 0
github.com/calvarado2004/bakery-go/proto/bread.pb.go:643.35,644.14 1 0
github.com/calvarado2004/bakery-go/proto/bread.pb.go:644.14,646.3 1 0
github.com/calvarado2004/bakery-go/proto/bread.pb.go:647.2,647.10 1 0
github.com/calvarado2004/bakery-go/proto/bread.pb.go:650.45,651.14 1 0
github.com/calvarado2004/bakery-go/proto/bread.pb.go:651.14,653.3 1 0
github.com/calvarado2004/bakery-go/proto/bread.pb.go:654.2,654.10 1 0
github.com/calvarado2004/bakery-go/proto/bread.pb.go:670.36,675.2 4 0
github.com/calvarado2004/bakery-go/proto/bread.pb.go:677.44,679.2 1 0
github.com/calvarado2004/bakery-go/proto/bread.pb.go:681.42,681.43 0 0
github.com/calvarado2004/bakery-go/proto/bread.pb.go:683.64,685.14 2 0
github.com/calvarado2004/bakery-go/proto/bread.pb.go:685.14,687.34 2 0
github.com/calvarado2004/bakery-go/proto/bread.pb.go:687.34,689.4 1 0
github.com/calvarado2004/bakery-go/proto/bread.pb.go:690.3,690.12 1 0
github.com/calvarado2004/bakery-go/proto/bread.pb.go:692.2,692.24 1 0
github.com/calvarado2004/bakery-go/proto/bread.pb.go:696.55,698.2 1 0
github.com/calvarado2004/bakery-go/proto/bread.pb.go:700.51,701.14 1 0
github.com/calvarado2004/bakery-go/proto/bread.pb.go:701.14,703.3 1 0
github.com/calvarado2004/bakery-go/proto/bread.pb.go:704.2,704.10 1 0
github.com/calvarado2004/bakery-go/proto/bread.pb.go:707.47,708.14 1 0
github.com/calvarado2004/bakery-go/proto/bread.pb.go:708.14,710.3 1 0
github.com/calvarado2004/bakery-go/proto/bread.pb.go:711.2,711.10 1 0
github.com/calvarado2004/bakery-go/proto/bread.pb.go:714.48,715.14 1 0
github.com/calvarado2004/bakery-go/proto/bread.pb.go:715.14,717.3 1 0
github.com/calvarado2004/bakery-go/proto/bread.pb.go:718.2,718.10 1 0
github.com/calvarado2004/bakery-go/proto/bread.pb.go:721.47,722.14 1 0
github.com/calvarado2004/bakery-go/proto/bread.pb.go:722.14,724.3 1 0
github.com/calvarado2004/bakery-go/proto/bread.pb.go:725.2,725.10 1 0
github.com/calvarado2004/bakery-go/proto/bread.pb.go:728.47,729.14 1 0
github.com/calvarado2004/bakery-go/proto/bread.pb.go:729.14,731.3 1 0
github.com/calvarado2004/bakery-go/proto/bread.pb.go:732.2,732.11 1 0
github.com/calvarado2004/bakery-go/proto/bread.pb.go:735.66,736.14 1 0
github.com/calvarado2004/bakery-go/proto/bread.pb.go:736.14,738.3 1 0
github.com/calvarado2004/bakery-go/proto/bread.pb.go:739.2,739.12 1 0
github.com/calvarado2004/bakery-go/proto/bread.pb.go:742.66,743.14 1 0
github.com/calvarado2004/bakery-go/proto/bread.pb.go:743.14,745.3 1 0
github.com/calvarado2004/bakery-go/proto/bread.pb.go:746.2,746.12 1 0
github.com/calvarado2004/bakery-go/proto/bread.pb.go:756.29,761.2 4 0
github.com/calvarado2004/bakery-go/proto/bread.pb.go:763.37,765.2 1 0
github.com/calvarado2004/bakery-go/proto/bread.pb.go:767.35,767.36 0 0
github.com/calvarado2004/bakery-go/proto/bread.pb.go:769.57,771.14 2 0
github.com/calvarado2004/bakery-go/proto/bread.pb.go:771.14,773.34 2 0
github.com/calvarado2004/bakery-go/proto/bread.pb.go:773.34,775.4 1 0
github.com/calvarado2004/bakery-go/proto/bread.pb.go:776.3,776.12 1 0
github.com/calvarado2004/bakery-go/proto/bread.pb.go:778.2,778.24 1 0
github.com/calvarado2004/bakery-go/proto/bread.pb.go:782.48,784.2 1 0
github.com/calvarado2004/bakery-go/proto/bread.pb.go:786.42,787.14 1 0
github.com/calvarado2004/bakery-go/proto/bread.pb.go:787.14,789.3 1 0
github.com/calvarado2004/bakery-go/proto/bread.pb.go:790.2,790.12 1 0
github.com/calvarado2004/bakery-go/proto/bread.pb.go:803.39,808.2 4 0
github.com/calvarado2004/bakery-go/proto/bread.pb.go:810.47,812.2 1 0
github.com/calvarado2004/bakery-go/proto/bread.pb.go:814.45,814.46 0 0
github.com/calvarado2004/bakery-go/proto/bread.pb.go:816.67,818.14 2 0
github.com/calvarado2004/bakery-go/proto/bread.pb.go:818.14,820.34 2 0
github.com/calvarado2004/bakery-go/proto/bread.pb.go:820.34,822.4 1 0
github.com/calvarado2004/bakery-go/proto/bread.pb.go:823.3,823.12 1 0
github.com/calvarado2004/bakery-go/proto/bread.pb.go:825.2,825.24 1 0
github.com/calvarado2004/bakery-go/proto/bread.pb.go:829.58,831.2 1 0
github.com/calvarado2004/bakery-go/proto/bread.pb.go:833.53,834.14 1 0
github.com/calvarado2004/bakery-go/proto/bread.pb.go:834.14,836.3 1 0
github.com/calvarado2004/bakery-go/proto/bread.pb.go:837.2,837.10 1 0
github.com/calvarado2004/bakery-go/proto/bread.pb.go:840.54,841.14 1 0
github.com/calvarado2004/bakery-go/proto/bread.pb.go:841.14,843.3 1 0
github.com/calvarado2004/bakery-go/proto/bread.pb.go:844.2,844.14 1 0
github.com/calvarado2004/bakery-go/proto/bread.pb.go:847.62,848.14 1 0
github.com/calvarado2004/bakery-go/proto/bread.pb.go:848.14,850.3 1 0
github.com/calvarado2004/bakery-go/proto/bread.pb.go:851.2,851.14 1 0
github.com/calvarado2004/bakery-go/proto/bread.pb.go:864.32,869.2 4 0
github.com/calvarado2004/bakery-go/proto/bread.pb.go:871.40,873.2 1 0
github.com/calvarado2004/bakery-go/proto/bread.pb.go:875.38,875.39 0 0
github.com/calvarado2004/bakery-go/proto/bread.pb.go:877.60,879.14 2 0
github.com/calvarado2004/bakery-go/proto/bread.pb.go:879.14,881.34 2 0
github.com/calvarado2004/bakery-go/proto/bread.pb.go:881.34,883.4 1 0
github.com/calvarado2004/bakery-go/proto/bread.pb.go:884.3,884.12 1 0
github.com/calvarado2004/bakery-go/proto/bread.pb.go:886.2,886.24 1 0
github.com/calvarado2004/bakery-go/proto/bread.pb.go:890.51,892.2 1 0
github.com/calvarado2004/bakery-go/proto/bread.pb.go:894.47,895.14 1 0
github.com/calvarado2004/bakery-go/proto/bread.pb.go:895.14,897.3 1 0
github.com/calvarado2004/bakery-go/proto/bread.pb.go:898.2,898.12 1 0
github.com/calvarado2004/bakery-go/proto/bread.pb.go:901.49,902.14 1 0
github.com/calvarado2004/bakery-go/proto/bread.pb.go:902.14,904.3 1 0
github.com/calvarado2004/bakery-go/proto/bread.pb.go:905.2,905.11 1 0
github.com/calvarado2004/bakery-go/proto/bread.pb.go:908.50,909.14 1 0
github.com/calvarado2004/bakery-go/proto/bread.pb.go:909.14,911.3 1 0
github.com/calvarado2004/bakery-go/proto/bread.pb.go:912.2,912.11 1 0
github.com/calvarado2004/bakery-go/proto/bread.pb.go:915.62,916.14 1 0
github.com/calvarado2004/bakery-go/proto/bread.pb.go:916.14,918.3 1 0
github.com/calvarado2004/bakery-go/proto/bread.pb.go:919.2,919.12 1 0
github.com/calvarado2004/bakery-go/proto/bread.pb.go:935.33,940.2 4 0
github.com/calvarado2004/bakery-go/proto/bread.pb.go:942.41,944.2 1 0
github.com/calvarado2004/bakery-go/proto/bread.pb.go:946.39,946.40 0 0
github.com/calvarado2004/bakery-go/proto/bread.pb.go:948.61,950.14 2 0
github.com/calvarado2004/bakery-go/proto/bread.pb.go:950.14,952.34 2 0
github.com/calvarado2004/bakery-go/proto/bread.pb.go:952.34,954.4 1 0
github.com/calvarado2004/bakery-go/proto/bread.pb.go:955.3,955.12 1 0
github.com/calvarado2004/bakery-go/proto/bread.pb.go:957.2,957.24 1 0
github.com/calvarado2004/bakery-go/proto/bread.pb.go:961.52,963.2 1 0
github.com/calvarado2004/bakery-go/proto/bread.pb.go:965.45,966.14 1 0
github.com/calvarado2004/bakery-go/proto/bread.pb.go:966.14,968.3 1 0
github.com/calvarado2004/bakery-go/proto/bread.pb.go:969.2,969.11 1 0
github.com/calvarado2004/bakery-go/proto/bread.pb.go:972.48,973.14 1 0
github.com/calvarado2004/bakery-go/proto/bread.pb.go:973.14,975.3 1 0
github.com/calvarado2004/bakery-go/proto/bread.pb.go:976.2,976.12 1 0
github.com/calvarado2004/bakery-go/proto/bread.pb.go:979.43,980.14 1 0
github.com/calvarado2004/bakery-go/proto/bread.pb.go:980.14,982.3 1 0
github.com/calvarado2004/bakery-go/proto/bread.pb.go:983.2,983.11 1 0
github.com/calvarado2004/bakery-go/proto/bread.pb.go:986.47,987.14 1 0
github.com/calvarado2004/bakery-go/proto/bread.pb.go:987.14,989.3 1 0
github.com/calvarado2004/bakery-go/proto/bread.pb.go:990.2,990.10 1 0
github.com/calvarado2004/bakery-go/proto/bread.pb.go:993.48,994.14 1 0
github.com/calvarado2004/bakery-go/proto/bread.pb.go:994.14,996.3 1 0
github.com/calvarado2004/bakery-go/proto/bread.pb.go:997.2,997.10 1 0
github.com/calvarado2004/bakery-go/proto/bread.pb.go:1000.50,1001.14 1 0
github.com/calvarado2004/bakery-go/proto/bread.pb.go:1001.14,1003.3 1 0
github.com/calvarado2004/bakery-go/proto/bread.pb.go:1004.2,1004.11 1 0
github.com/calvarado2004/bakery-go/proto/bread.pb.go:1007.51,1008.14 1 0
github.com/calvarado2004/bakery-go/proto/bread.pb.go:1008.14,1010.3 1 0
github.com/calvarado2004/bakery-go/proto/bread.pb.go:1011.2,1011.11 1 0
github.com/calvarado2004/bakery-go/proto/bread.pb.go:1021.25,1026.2 4 0
github.com/calvarado2004/bakery-go/proto/bread.pb.go:1028.33,1030.2 1 0
github.com/calvarado2004/bakery-go/proto/bread.pb.go:1032.31,1032.32 0 0
github.com/calvarado2004/bakery-go/proto/bread.pb.go:1034.53,1036.14 2 0
github.com/calvarado2004/bakery-go/proto/bread.pb.go:1036.14,1038.34 2 0
github.com/calvarado2004/bakery-go/proto/bread.pb.go:1038.34,1040.4 1 0
github.com/calvarado2004/bakery-go/proto/bread.pb.go:1041.3,1041.12 1 0
github.com/calvarado2004/bakery-go/proto/bread.pb.go:1043.2,1043.24 1 0
github.com/calvarado2004/bakery-go/proto/bread.pb.go:1047.44,1049.2 1 0
github.com/calvarado2004/bakery-go/proto/bread.pb.go:1063.34,1068.2 4 0
github.com/calvarado2004/bakery-go/proto/bread.pb.go:1070.42,1072.2 1 0
github.com/calvarado2004/bakery-go/proto/bread.pb.go:1074.40,1074.41 0 0
github.com/calvarado2004/bakery-go/proto/bread.pb.go:1076.62,1078.14 2 0
github.com/calvarado2004/bakery-go/proto/bread.pb.go:1078.14,1080.34 2 0
github.com/calvarado2004/bakery-go/proto/bread.pb.go:1080.34,1082.4 1 0
github.com/calvarado2004/bakery-go/proto/bread.pb.go:1083.3,1083.12 1 0
github.com/calvarado2004/bakery-go/proto/bread.pb.go:1085.2,1085.24 1 0
github.com/calvarado2004/bakery-go/proto/bread.pb.go:1089.53,1091.2 1 0
github.com/calvarado2004/bakery-go/proto/bread.pb.go:1093.49,1094.14 1 0
github.com/calvarado2004/bakery-go/proto/bread.pb.go:1094.14,1096.3 1 0
github.com/calvarado2004/bakery-go/proto/bread.pb.go:1097.2,1097.10 1 0
github.com/calvarado2004/bakery-go/proto/bread.pb.go:1100.52,1101.14 1 0
github.com/calvarado2004/bakery-go/proto/bread.pb.go:1101.14,1103.3 1 0
github.com/calvarado2004/bakery-go/proto/bread.pb.go:1104.2,1104.10 1 0
github.com/calvarado2004/bakery-go/proto/bread.pb.go:1107.51,1108.14 1 0
github.com/calvarado2004/bakery-go/proto/bread.pb.go:1108.14,1110.3 1 0
github.com/calvarado2004/bakery-go/proto/bread.pb.go:1111.2,1111.10 1 0
github.com/calvarado2004/bakery-go/proto/bread.pb.go:1114.52,1115.14 1 0
github.com/calvarado2004/bakery-go/proto/bread.pb.go:1115.14,1117.3 1 0
github.com/calvarado2004/bakery-go/proto/bread.pb.go:1118.2,1118.10 1 0
github.com/calvarado2004/bakery-go/proto/bread.pb.go:1121.54,1122.14 1 0
github.com/calvarado2004/bakery-go/proto/bread.pb.go:1122.14,1124.3 1 0
github.com/calvarado2004/bakery-go/proto/bread.pb.go:1125.2,1125.10 1 0
github.com/calvarado2004/bakery-go/proto/bread.pb.go:1128.51,1129.14 1 0
github.com/calvarado2004/bakery-go/proto/bread.pb.go:1129.14,1131.3 1 0
github.com/calvarado2004/bakery-go/proto/bread.pb.go:1132.2,1132.10 1 0
github.com/calvarado2004/bakery-go/proto/bread.pb.go:1146.28,1151.2 4 0
github.com/calvarado2004/bakery-go/proto/bread.pb.go:1153.36,1155.2 1 0
github.com/calvarado2004/bakery-go/proto/bread.pb.go:1157.34,1157.35 0 0
github.com/calvarado2004/bakery-go/proto/bread.pb.go:1159.56,1161.14 2 0
github.com/calvarado2004/bakery-go/proto/bread.pb.go:1161.14,1163.34 2 0
github.com/calvarado2004/bakery-go/proto/bread.pb.go:1163.34,1165.4 1 0
github.com/calvarado2004/bakery-go/proto/bread.pb.go:1166.3,1166.12 1 0
github.com/calvarado2004/bakery-go/proto/bread.pb.go:1168.2,1168.24 1 0
github.com/calvarado2004/bakery-go/proto/bread.pb.go:1172.47,1174.2 1 0
github.com/calvarado2004/bakery-go/proto/bread.pb.go:1176.34,1177.14 1 0
github.com/calvarado2004/bakery-go/proto/bread.pb.go:1177.14,1179.3 1 0
github.com/calvarado2004/bakery-go/proto/bread.pb.go:1180.2,1180.10 1 0
github.com/calvarado2004/bakery-go/proto/bread.pb.go:1183.37,1184.14 1 0
github.com/calvarado2004/bakery-go/proto/bread.pb.go:1184.14,1186.3 1 0
github.com/calvarado2004/bakery-go/proto/bread.pb.go:1187.2,1187.11 1 0
github.com/calvarado2004/bakery-go/proto/bread.pb.go:1190.38,1191.14 1 0
github.com/calvarado2004/bakery-go/proto/bread.pb.go:1191.14,1193.3 1 0
github.com/calvarado2004/bakery-go/proto/bread.pb.go:1194.2,1194.11 1 0
github.com/calvarado2004/bakery-go/proto/bread.pb.go:1197.58,1198.14 1 0
github.com/calvarado2004/bakery-go/proto/bread.pb.go:1198.14,1200.3 1 0
github.com/calvarado2004/bakery-go/proto/bread.pb.go:1201.2,1201.12 1 0
github.com/calvarado2004/bakery-go/proto/bread.pb.go:1204.58,1205.14 1 0
github.com/calvarado2004/bakery-go/proto/bread.pb.go:1205.14,1207.3 1 0
github.com/calvarado2004/bakery-go/proto/bread.pb.go:1208.2,1208.12 1 0
github.com/calvarado2004/bakery-go/proto/bread.pb.go:1218.32,1223.2 4 0
github.com/calvarado2004/bakery-go/proto/bread.pb.go:1225.40,1227.2 1 0
github.com/calvarado2004/bakery-go/proto/bread.pb.go:1229.38,1229.39 0 0
github.com/calvarado2004/bakery-go/proto/bread.pb.go:1231.60,1233.14 2 0
github.com/calvarado2004/bakery-go/proto/bread.pb.go:1233.14,1235.34 2 0
github.com/calvarado2004/bakery-go/proto/bread.pb.go:1235.34,1237.4 1 0
github.com/calvarado2004/bakery-go/proto/bread.pb.go:1238.3,1238.12 1 0
github.com/calvarado2004/bakery-go/proto/bread.pb.go:1240.2,1240.24 1 0
github.com/calvarado2004/bakery-go/proto/bread.pb.go:1244.51,1246.2 1 0
github.com/calvarado2004/bakery-go/proto/bread.pb.go:1248.51,1249.14 1 0
github.com/calvarado2004/bakery-go/proto/bread.pb.go:1249.14,1251.3 1 0
github.com/calvarado2004/bakery-go/proto/bread.pb.go:1252.2,1252.12 1 0
github.com/calvarado2004/bakery-go/proto/bread.pb.go:1266.35,1271.2 4 0
github.com/calvarado2004/bakery-go/proto/bread.pb.go:1273.43,1275.2 1 0
github.com/calvarado2004/bakery-go/proto/bread.pb.go:1277.41,1277.42 0 0
github.com/calvarado2004/bakery-go/proto/bread.pb.go:1279.63,1281.14 2 0
github.com/calvarado2004/bakery-go/proto/bread.pb.go:1281.14,1283.34 2 0
github.com/calvarado2004/bakery-go/proto/bread.pb.go:1283.34,1285.4 1 0
github.com/calvarado2004/bakery-go/proto/bread.pb.go:1286.3,1286.12 1 0
github.com/calvarado2004/bakery-go/proto/bread.pb.go:1288.2,1288.24 1 0
github.com/calvarado2004/bakery-go/proto/bread.pb.go:1292.54,1294.2 1 0
github.com/calvarado2004/bakery-go/proto/bread.pb.go:1296.41,1297.14 1 0
github.com/calvarado2004/bakery-go/proto/bread.pb.go:1297.14,1299.3 1 0
github.com/calvarado2004/bakery-go/proto/bread.pb.go:1300.2,1300.10 1 0
github.com/calvarado2004/bakery-go/proto/bread.pb.go:1303.44,1304.14 1 0
github.com/calvarado2004/bakery-go/proto/bread.pb.go:1304.14,1306.3 1 0
github.com/calvarado2004/bakery-go/proto/bread.pb.go:1307.2,1307.11 1 0
github.com/calvarado2004/bakery-go/proto/bread.pb.go:1310.45,1311.14 1 0
github.com/calvarado2004/bakery-go/proto/bread.pb.go:1311.14,1313.3 1 0
github.com/calvarado2004/bakery-go/proto/bread.pb.go:1314.2,1314.11 1 0
github.com/calvarado2004/bakery-go/proto/bread.pb.go:1317.65,1318.14 1 0
github.com/calvarado2004/bakery-go/proto/bread.pb.go:1318.14,1320.3 1 0
github.com/calvarado2004/bakery-go/proto/bread.pb.go:1321.2,1321.12 1 0
github.com/calvarado2004/bakery-go/proto/bread.pb.go:1324.65,1325.14 1 0
github.com/calvarado2004/bakery-go/proto/bread.pb.go:1325.14,1327.3 1 0
github.com/calvarado2004/bakery-go/proto/bread.pb.go:1328.2,1328.12 1 0
github.com/calvarado2004/bakery-go/proto/bread.pb.go:1338.34,1343.2 4 0
github.com/calvarado2004/bakery-go/proto/bread.pb.go:1345.42,1347.2 1 0
github.com/calvarado2004/bakery-go/proto/bread.pb.go:1349.40,1349.41 0 0
github.com/calvarado2004/bakery-go/proto/bread.pb.go:1351.62,1353.14 2 0
github.com/calvarado2004/bakery-go/proto/bread.pb.go:1353.14,1355.34 2 0
github.com/calvarado2004/bakery-go/proto/bread.pb.go:1355.34,1357.4 1 0
github.com/calvarado2004/bakery-go/proto/bread.pb.go:1358.3,1358.12 1 0
github.com/calvarado2004/bakery-go/proto/bread.pb.go:1360.2,1360.24 1 0
github.com/calvarado2004/bakery-go/proto/bread.pb.go:1364.53,1366.2 1 0
github.com/calvarado2004/bakery-go/proto/bread.pb.go:1368.62,1369.14 1 0
github.com/calvarado2004/bakery-go/proto/bread.pb.go:1369.14,1371.3 1 0
github.com/calvarado2004/bakery-go/proto/bread.pb.go:1372.2,1372.12 1 0
github.com/calvarado2004/bakery-go/proto/bread.pb.go:1387.38,1392.2 4 0
github.com/calvarado2004/bakery-go/proto/bread.pb.go:1394.46,1396.2 1 0
github.com/calvarado2004/bakery-go/proto/bread.pb.go:1398.44,1398.45 0 0
github.com/calvarado2004/bakery-go/proto/bread.pb.go:1400.66,1402.14 2 0
github.com/calvarado2004/bakery-go/proto/bread.pb.go:1402.14,1404.34 2 0
github.com/calvarado2004/bakery-go/proto/bread.pb.go:1404.34,1406.4 1 0
github.com/calvarado2004/bakery-go/proto/bread.pb.go:1407.3,1407.12 1 0
github.com/calvarado2004/bakery-go/proto/bread.pb.go:1409.2,1409.24 1 0
github.com/calvarado2004/bakery-go/proto/bread.pb.go:1413.57,1415.2 1 0
github.com/calvarado2004/bakery-go/proto/bread.pb.go:1417.47,1418.14 1 0
github.com/calvarado2004/bakery-go/proto/bread.pb.go:1418.14,1420.3 1 0
github.com/calvarado2004/bakery-go/proto/bread.pb.go:1421.2,1421.11 1 0
github.com/calvarado2004/bakery-go/proto/bread.pb.go:1424.49,1425.14 1 0
github.com/calvarado2004/bakery-go/proto/bread.pb.go:1425.14,1427.3 1 0
github.com/calvarado2004/bakery-go/proto/bread.pb.go:1428.2,1428.10 1 0
github.com/calvarado2004/bakery-go/proto/bread.pb.go:1431.50,1432.14 1 0
github.com/calvarado2004/bakery-go/proto/bread.pb.go:1432.14,1434.3 1 0
github.com/calvarado2004/bakery-go/proto/bread.pb.go:1435.2,1435.10 1 0
github.com/calvarado2004/bakery-go/proto/bread.pb.go:1438.54,1439.14 1 0
github.com/calvarado2004/bakery-go/proto/bread.pb.go:1439.14,1441.3 1 0
github.com/calvarado2004/bakery-go/proto/bread.pb.go:1442.2,1442.11 1 0
github.com/calvarado2004/bakery-go/proto/bread.pb.go:1445.47,1446.14 1 0
github.com/calvarado2004/bakery-go/proto/bread.pb.go:1446.14,1448.3 1 0
github.com/calvarado2004/bakery-go/proto/bread.pb.go:1449.2,1449.11 1 0
github.com/calvarado2004/bakery-go/proto/bread.pb.go:1452.48,1453.14 1 0
github.com/calvarado2004/bakery-go/proto/bread.pb.go:1453.14,1455.3 1 0
github.com/calvarado2004/bakery-go/proto/bread.pb.go:1456.2,1456.11 1 0
github.com/calvarado2004/bakery-go/proto/bread.pb.go:1472.38,1477.2 4 0
github.com/calvarado2004/bakery-go/proto/bread.pb.go:1479.46,1481.2 1 0
github.com/calvarado2004/bakery-go/proto/bread.pb.go:1483.44,1483.45 0 0
github.com/calvarado2004/bakery-go/proto/bread.pb.go:1485.66,1487.14 2 0
github.com/calvarado2004/bakery-go/proto/bread.pb.go:1487.14,1489.34 2 0
github.com/calvarado2004/bakery-go/proto/bread.pb.go:1489.34,1491.4 1 0
github.com/calvarado2004/bakery-go/proto/bread.pb.go:1492.3,1492.12 1 0
github.com/calvarado2004/bakery-go/proto/bread.pb.go:1494.2,1494.24 1 0
github.com/calvarado2004/bakery-go/proto/bread.pb.go:1498.57,1500.2 1 0
github.com/calvarado2004/bakery-go/proto/bread.pb.go:1502.44,1503.14 1 0
github.com/calvarado2004/bakery-go/proto/bread.pb.go:1503.14,1505.3 1 0
github.com/calvarado2004/bakery-go/proto/bread.pb.go:1506.2,1506.10 1 0
github.com/calvarado2004/bakery-go/proto/bread.pb.go:1509.47,1510.14 1 0
github.com/calvarado2004/bakery-go/proto/bread.pb.go:1510.14,1512.3 1 0
github.com/calvarado2004/bakery-go/proto/bread.pb.go:1513.2,1513.11 1 0
github.com/calvarado2004/bakery-go/proto/bread.pb.go:1516.49,1517.14 1 0
github.com/calvarado2004/bakery-go/proto/bread.pb.go:1517.14,1519.3 1 0
github.com/calvarado2004/bakery-go/proto/bread.pb.go:1520.2,1520.10 1 0
github.com/calvarado2004/bakery-go/proto/bread.pb.go:1523.50,1524.14 1 0
github.com/calvarado2004/bakery-go/proto/bread.pb.go:1524.14,1526.3 1 0
github.com/calvarado2004/bakery-go/proto/bread.pb.go:1527.2,1527.10 1 0
github.com/calvarado2004/bakery-go/proto/bread.pb.go:1530.54,1531.14 1 0
github.com/calvarado2004/bakery-go/proto/bread.pb.go:1531.14,1533.3 1 0
github.com/calvarado2004/bakery-go/proto/bread.pb.go:1534.2,1534.11 1 0
github.com/calvarado2004/bakery-go/proto/bread.pb.go:1537.47,1538.14 1 0
github.com/calvarado2004/bakery-go/proto/bread.pb.go:1538.14,1540.3 1 0
github.com/calvarado2004/bakery-go/proto/bread.pb.go:1541.2,1541.11 1 0
github.com/calvarado2004/bakery-go/proto/bread.pb.go:1544.48,1545.14 1 0
github.com/calvarado2004/bakery-go/proto/bread.pb.go:1545.14,1547.3 1 0
github.com/calvarado2004/bakery-go/proto/bread.pb.go:1548.2,1548.11 1 0
github.com/calvarado2004/bakery-go/proto/bread.pb.go:1558.38,1563.2 4 0
github.com/calvarado2004/bakery-go/proto/bread.pb.go:1565.46,1567.2 1 0
github.com/calvarado2004/bakery-go/proto/bread.pb.go:1569.44,1569.45 0 0
github.com/calvarado2004/bakery-go/proto/bread.pb.go:1571.66,1573.14 2 0
github.com/calvarado2004/bakery-go/proto/bread.pb.go:1573.14,1575.34 2 0
github.com/calvarado2004/bakery-go/proto/bread.pb.go:1575.34,1577.4 1 0
github.com/calvarado2004/bakery-go/proto/bread.pb.go:1578.3,1578.12 1 0
github.com/calvarado2004/bakery-go/proto/bread.pb.go:1580.2,1580.24 1 0
github.com/calvarado2004/bakery-go/proto/bread.pb.go:1584.57,1586.2 1 0
github.com/calvarado2004/bakery-go/proto/bread.pb.go:1588.44,1589.14 1 0
github.com/calvarado2004/bakery-go/proto/bread.pb.go:1589.14,1591.3 1 0
github.com/calvarado2004/bakery-go/proto/bread.pb.go:1592.2,1592.10 1 0
github.com/calvarado2004/bakery-go/proto/bread.pb.go:1603.44,1608.2 4 0
github.com/calvarado2004/bakery-go/proto/bread.pb.go:1610.52,1612.2 1 0
github.com/calvarado2004/bakery-go/proto/bread.pb.go:1614.50,1614.51 0 0
github.com/calvarado2004/bakery-go/proto/bread.pb.go:1616.72,1618.14 2 0
github.com/calvarado2004/bakery-go/proto/bread.pb.go:1618.14,1620.34 2 0
github.com/calvarado2004/bakery-go/proto/bread.pb.go:1620.34,1622.4 1 0
github.com/calvarado2004/bakery-go/proto/bread.pb.go:1623.3,1623.12 1 0
github.com/calvarado2004/bakery-go/proto/bread.pb.go:1625.2,1625.24 1 0
github.com/calvarado2004/bakery-go/proto/bread.pb.go:1629.63,1631.2 1 0
github.com/calvarado2004/bakery-go/proto/bread.pb.go:1633.61,1634.14 1 0
github.com/calvarado2004/bakery-go/proto/bread.pb.go:1634.14,1636.3 1 0
github.com/calvarado2004/bakery-go/proto/bread.pb.go:1637.2,1637.11 1 0
github.com/calvarado2004/bakery-go/proto/bread.pb.go:1640.55,1641.14 1 0
github.com/calvarado2004/bakery-go/proto/bread.pb.go:1641.14,1643.3 1 0
github.com/calvarado2004/bakery-go/proto/bread.pb.go:1644.2,1644.11 1 0
github.com/calvarado2004/bakery-go/proto/bread.pb.go:1654.34,1659.2 4 0
github.com/calvarado2004/bakery-go/proto/bread.pb.go:1661.42,1663.2 1 0
github.com/calvarado2004/bakery-go/proto/bread.pb.go:1665.40,1665.41 0 0
github.com/calvarado2004/bakery-go/proto/bread.pb.go:1667.62,1669.14 2 0
github.com/calvarado2004/bakery-go/proto/bread.pb.go:1669.14,1671.34 2 0
github.com/calvarado2004/bakery-go/proto/bread.pb.go:1671.34,1673.4 1 0
github.com/calvarado2004/bakery-go/proto/bread.pb.go:1674.3,1674.12 1 0
github.com/calvarado2004/bakery-go/proto/bread.pb.go:1676.2,1676.24 1 0
github.com/calvarado2004/bakery-go/proto/bread.pb.go:1680.53,1682.2 1 0
github.com/calvarado2004/bakery-go/proto/bread.pb.go:1684.40,1685.14 1 0
github.com/calvarado2004/bakery-go/proto/bread.pb.go:1685.14,1687.3 1 0
github.com/calvarado2004/bakery-go/proto/bread.pb.go:1688.2,1688.10 1 0
github.com/calvarado2004/bakery-go/proto/bread.pb.go:1698.37,1703.2 4 0
github.com/calvarado2004/bakery-go/proto/bread.pb.go:1705.45,1707.2 1 0
github.com/calvarado2004/bakery-go/proto/bread.pb.go:1709.43,1709.44 0 0
github.com/calvarado2004/bakery-go/proto/bread.pb.go:1711.65,1713.14 2 0
github.com/calvarado2004/bakery-go/proto/bread.pb.go:1713.14,1715.34 2 0
github.com/calvarado2004/bakery-go/proto/bread.pb.go:1715.34,1717.4 1 0
github.com/calvarado2004/bakery-go/proto/bread.pb.go:1718.3,1718.12 1 0
github.com/calvarado2004/bakery-go/proto/bread.pb.go:1720.2,1720.24 1 0
github.com/calvarado2004/bakery-go/proto/bread.pb.go:1724.56,1726.2 1 0
github.com/calvarado2004/bakery-go/proto/bread.pb.go:1728.43,1729.14 1 0
github.com/calvarado2004/bakery-go/proto/bread.pb.go:1729.14,1731.3 1 0
github.com/calvarado2004/bakery-go/proto/bread.pb.go:1732.2,1732.10 1 0
github.com/calvarado2004/bakery-go/proto/bread.pb.go:1742.39,1747.2 4 0
github.com/calvarado2004/bakery-go/proto/bread.pb.go:1749.47,1751.2 1 0
github.com/calvarado2004/bakery-go/proto/bread.pb.go:1753.45,1753.46 0 0
github.com/calvarado2004/bakery-go/proto/bread.pb.go:1755.67,1757.14 2 0
github.com/calvarado2004/bakery-go/proto/bread.pb.go:1757.14,1759.34 2 0
github.com/calvarado2004/bakery-go/proto/bread.pb.go:1759.34,1761.4 1 0
github.com/calvarado2004/bakery-go/proto/bread.pb.go:1762.3,1762.12 1 0
github.com/calvarado2004/bakery-go/proto/bread.pb.go:1764.2,1764.24 1 0
github.com/calvarado2004/bakery-go/proto/bread.pb.go:1768.58,1770.2 1 0
github.com/calvarado2004/bakery-go/proto/bread.pb.go:1772.45,1773.14 1 0
github.com/calvarado2004/bakery-go/proto/bread.pb.go:1773.14,1775.3 1 0
github.com/calvarado2004/bakery-go/proto/bread.pb.go:1776.2,1776.10 1 0
github.com/calvarado2004/bakery-go/proto/bread.pb.go:1787.42,1792.2 4 0
github.com/calvarado2004/bakery-go/proto/bread.pb.go:1794.50,1796.2 1 0
github.com/calvarado2004/bakery-go/proto/bread.pb.go:1798.48,1798.49 0 0
github.com/calvarado2004/bakery-go/proto/bread.pb.go:1800.70,1802.14 2 0
github.com/calvarado2004/bakery-go/proto/bread.pb.go:1802.14,1804.34 2 0
github.com/calvarado2004/bakery-go/proto/bread.pb.go:1804.34,1806.4 1 0
github.com/calvarado2004/bakery-go/proto/bread.pb.go:1807.3,1807.12 1 0
github.com/calvarado2004/bakery-go/proto/bread.pb.go:1809.2,1809.24 1 0
github.com/calvarado2004/bakery-go/proto/bread.pb.go:1813.61,1815.2 1 0
github.com/calvarado2004/bakery-go/proto/bread.pb.go:1817.58,1818.14 1 0
github.com/calvarado2004/bakery-go/proto/bread.pb.go:1818.14,1820.3 1 0
github.com/calvarado2004/bakery-go/proto/bread.pb.go:1821.2,1821.12 1 0
github.com/calvarado2004/bakery-go/proto/bread.pb.go:1824.58,1825.14 1 0
github.com/calvarado2004/bakery-go/proto/bread.pb.go:1825.14,1827.3 1 0
github.com/calvarado2004/bakery-go/proto/bread.pb.go:1828.2,1828.12 1 0
github.com/calvarado2004/bakery-go/proto/bread.pb.go:1839.39,1844.2 4 0
github.com/calvarado2004/bakery-go/proto/bread.pb.go:1846.47,1848.2 1 0
github.com/calvarado2004/bakery-go/proto/bread.pb.go:1850.45,1850.46 0 0
github.com/calvarado2004/bakery-go/proto/bread.pb.go:1852.67,1854.14 2 0
github.com/calvarado2004/bakery-go/proto/bread.pb.go:1854.14,1856.34 2 0
github.com/calvarado2004/bakery-go/proto/bread.pb.go:1856.34,1858.4 1 0
github.com/calvarado2004/bakery-go/proto/bread.pb.go:1859.3,1859.12 1 0
github.com/calvarado2004/bakery-go/proto/bread.pb.go:1861.2,1861.24 1 0
github.com/calvarado2004/bakery-go/proto/bread.pb.go:1865.58,1867.2 1 0
github.com/calvarado2004/bakery-go/proto/bread.pb.go:1869.59,1870.14 1 0
github.com/calvarado2004/bakery-go/proto/bread.pb.go:1870.14,1872.3 1 0
github.com/calvarado2004/bakery-go/proto/bread.pb.go:1873.2,1873.12 1 0
github.com/calvarado2004/bakery-go/proto/bread.pb.go:1876.61,1877.14 1 0
github.com/calvarado2004/bakery-go/proto/bread.pb.go:1877.14,1879.3 1 0
github.com/calvarado2004/bakery-go/proto/bread.pb.go:1880.2,1880.12 1 0
github.com/calvarado2004/bakery-go/proto/bread.pb.go:1895.34,1900.2 4 0
github.com/calvarado2004/bakery-go/proto/bread.pb.go:1902.42,1904.2 1 0
github.com/calvarado2004/bakery-go/proto/bread.pb.go:1906.40,1906.41 0 0
github.com/calvarado2004/bakery-go/proto/bread.pb.go:1908.62,1910.14 2 0
github.com/calvarado2004/bakery-go/proto/bread.pb.go:1910.14,1912.34 2 0
github.com/calvarado2004/bakery-go/proto/bread.pb.go:1912.34,1914.4 1 0
github.com/calvarado2004/bakery-go/proto/bread.pb.go:1915.3,1915.12 1 0
github.com/calvarado2004/bakery-go/proto/bread.pb.go:1917.2,1917.24 1 0
github.com/calvarado2004/bakery-go/proto/bread.pb.go:1921.53,1923.2 1 0
github.com/calvarado2004/bakery-go/proto/bread.pb.go:1925.40,1926.14 1 0
github.com/calvarado2004/bakery-go/proto/bread.pb.go:1926.14,1928.3 1 0
github.com/calvarado2004/bakery-go/proto/bread.pb.go:1929.2,1929.10 1 0
github.com/calvarado2004/bakery-go/proto/bread.pb.go:1932.50,1933.14 1 0
github.com/calvarado2004/bakery-go/proto/bread.pb.go:1933.14,1935.3 1 0
github.com/calvarado2004/bakery-go/proto/bread.pb.go:1936.2,1936.10 1 0
github.com/calvarado2004/bakery-go/proto/bread.pb.go:1939.52,1940.14 1 0
github.com/calvarado2004/bakery-go/proto/bread.pb.go:1940.14,1942.3 1 0
github.com/calvarado2004/bakery-go/proto/bread.pb.go:1943.2,1943.11 1 0
github.com/calvarado2004/bakery-go/proto/bread.pb.go:1946.64,1947.14 1 0
github.com/calvarado2004/bakery-go/proto/bread.pb.go:1947.14,1949.3 1 0
github.com/calvarado2004/bakery-go/proto/bread.pb.go:1950.2,1950.12 1 0
github.com/calvarado2004/bakery-go/proto/bread.pb.go:1953.64,1954.14 1 0
github.com/calvarado2004/bakery-go/proto/bread.pb.go:1954.14,1956.3 1 0
github.com/calvarado2004/bakery-go/proto/bread.pb.go:1957.2,1957.12 1 0
github.com/calvarado2004/bakery-go/proto/bread.pb.go:1960.47,1961.14 1 0
github.com/calvarado2004/bakery-go/proto/bread.pb.go:1961.14,1963.3 1 0
github.com/calvarado2004/bakery-go/proto/bread.pb.go:1964.2,1964.12 1 0
github.com/calvarado2004/bakery-go/proto/bread.pb.go:1974.33,1979.2 4 0
github.com/calvarado2004/bakery-go/proto/bread.pb.go:1981.41,1983.2 1 0
github.com/calvarado2004/bakery-go/proto/bread.pb.go:1985.39,1985.40 0 0
github.com/calvarado2004/bakery-go/proto/bread.pb.go:1987.61,1989.14 2 0
github.com/calvarado2004/bakery-go/proto/bread.pb.go:1989.14,1991.34 2 0
github.com/calvarado2004/bakery-go/proto/bread.pb.go:1991.34,1993.4 1 0
github.com/calvarado2004/bakery-go/proto/bread.pb.go:1994.3,1994.12 1 0
github.com/calvarado2004/bakery-go/proto/bread.pb.go:1996.2,1996.24 1 0
github.com/calvarado2004/bakery-go/proto/bread.pb.go:2000.52,2002.2 1 0
github.com/calvarado2004/bakery-go/proto/bread.pb.go:2004.59,2005.14 1 0
github.com/calvarado2004/bakery-go/proto/bread.pb.go:2005.14,2007.3 1 0
github.com/calvarado2004/bakery-go/proto/bread.pb.go:2008.2,2008.12 1 0
github.com/calvarado2004/bakery-go/proto/bread.pb.go:2023.29,2028.2 4 0
github.com/calvarado2004/bakery-go/proto/bread.pb.go:2030.37,2032.2 1 0
github.com/calvarado2004/bakery-go/proto/bread.pb.go:2034.35,2034.36 0 0
github.com/calvarado2004/bakery-go/proto/bread.pb.go:2036.57,2038.14 2 0
github.com/calvarado2004/bakery-go/proto/bread.pb.go:2038.14,2040.34 2 0
github.com/calvarado2004/bakery-go/proto/bread.pb.go:2040.34,2042.4 1 0
github.com/calvarado2004/bakery-go/proto/bread.pb.go:2043.3,2043.12 1 0
github.com/calvarado2004/bakery-go/proto/bread.pb.go:2045.2,2045.24 1 0
github.com/calvarado2004/bakery-go/proto/bread.pb.go:2049.48,2051.2 1 0
github.com/calvarado2004/bakery-go/proto/bread.pb.go:2053.35,2054.14 1 0
github.com/calvarado2004/bakery-go/proto/bread.pb.go:2054.14,2056.3 1 0
github.com/calvarado2004/bakery-go/proto/bread.pb.go:2057.2,2057.10 1 0
github.com/calvarado2004/bakery-go/proto/bread.pb.go:2060.42,2061.14 1 0
github.com/calvarado2004/bakery-go/proto/bread.pb.go:2061.14,2063.3 1 0
github.com/calvarado2004/bakery-go/proto/bread.pb.go:2064.2,2064.11 1 0
github.com/calvarado2004/bakery-go/proto/bread.pb.go:2067.39,2068.14 1 0
github.com/calvarado2004/bakery-go/proto/bread.pb.go:2068.14,2070.3 1 0
github.com/calvarado2004/bakery-go/proto/bread.pb.go:2071.2,2071.11 1 0
github.com/calvarado2004/bakery-go/proto/bread.pb.go:2074.38,2075.14 1 0
github.com/calvarado2004/bakery-go/proto/bread.pb.go:2075.14,2077.3 1 0
github.com/calvarado2004/bakery-go/proto/bread.pb.go:2078.2,2078.11 1 0
github.com/calvarado2004/bakery-go/proto/bread.pb.go:2081.59,2082.14 1 0
github.com/calvarado2004/bakery-go/proto/bread.pb.go:2082.14,2084.3 1 0
github.com/calvarado2004/bakery-go/proto/bread.pb.go:2085.2,2085.12 1 0
github.com/calvarado2004/bakery-go/proto/bread.pb.go:2096.32,2101.2 4 0
github.com/calvarado2004/bakery-go/proto/bread.pb.go:2103.40,2105.2 1 0
github.com/calvarado2004/bakery-go/proto/bread.pb.go:2107.38,2107.39 0 0
github.com/calvarado2004/bakery-go/proto/bread.pb.go:2109.60,2111.14 2 0
github.com/calvarado2004/bakery-go/proto/bread.pb.go:2111.14,2113.34 2 0
github.com/calvarado2004/bakery-go/proto/bread.pb.go:2113.34,2115.4 1 0
github.com/calvarado2004/bakery-go/proto/bread.pb.go:2116.3,2116.12 1 0
github.com/calvarado2004/bakery-go/proto/bread.pb.go:2118.2,2118.24 1 0
github.com/calvarado2004/bakery-go/proto/bread.pb.go:2122.51,2124.2 1 0
github.com/calvarado2004/bakery-go/proto/bread.pb.go:2126.45,2127.14 1 0
github.com/calvarado2004/bakery-go/proto/bread.pb.go:2127.14,2129.3 1 0
github.com/calvarado2004/bakery-go/proto/bread.pb.go:2130.2,2130.11 1 0
github.com/calvarado2004/bakery-go/proto/bread.pb.go:2133.45,2134.14 1 0
github.com/calvarado2004/bakery-go/proto/bread.pb.go:2134.14,2136.3 1 0
github.com/calvarado2004/bakery-go/proto/bread.pb.go:2137.2,2137.11 1 0
github.com/calvarado2004/bakery-go/proto/bread.pb.go:2150.33,2155.2 4 0
github.com/calvarado2004/bakery-go/proto/bread.pb.go:2157.41,2159.2 1 0
github.com/calvarado2004/bakery-go/proto/bread.pb.go:2161.39,2161.40 0 0
github.com/calvarado2004/bakery-go/proto/bread.pb.go:2163.61,2165.14 2 0
github.com/calvarado2004/bakery-go/proto/bread.pb.go:2165.14,2167.34 2 0
github.com/calvarado2004/bakery-go/proto/bread.pb.go:2167.34,2169.4 1 0
github.com/calvarado2004/bakery-go/proto/bread.pb.go:2170.3,2170.12 1 0
github.com/calvarado2004/bakery-go/proto/bread.pb.go:2172.2,2172.24 1 0
github.com/calvarado2004/bakery-go/proto/bread.pb.go:2176.52,2178.2 1 0
github.com/calvarado2004/bakery-go/proto/bread.pb.go:2180.43,2181.14 1 0
github.com/calvarado2004/bakery-go/proto/bread.pb.go:2181.14,2183.3 1 0
github.com/calvarado2004/bakery-go/proto/bread.pb.go:2184.2,2184.14 1 0
github.com/calvarado2004/bakery-go/proto/bread.pb.go:2187.43,2188.14 1 0
github.com/calvarado2004/bakery-go/proto/bread.pb.go:2188.14,2190.3 1 0
github.com/calvarado2004/bakery-go/proto/bread.pb.go:2191.2,2191.11 1 0
github.com/calvarado2004/bakery-go/proto/bread.pb.go:2194.45,2195.14 1 0
github.com/calvarado2004/bakery-go/proto/bread.pb.go:2195.14,2197.3 1 0
github.com/calvarado2004/bakery-go/proto/bread.pb.go:2198.2,2198.11 1 0
github.com/calvarado2004/bakery-go/proto/bread.pb.go:2201.46,2202.14 1 0
github.com/calvarado2004/bakery-go/proto/bread.pb.go:2202.14,2204.3 1 0
github.com/calvarado2004/bakery-go/proto/bread.pb.go:2205.2,2205.12 1 0
github.com/calvarado2004/bakery-go/proto/bread.pb.go:2216.40,2221.2 4 0
github.com/calvarado2004/bakery-go/proto/bread.pb.go:2223.48,2225.2 1 0
github.com/calvarado2004/bakery-go/proto/bread.pb.go:2227.46,2227.47 0 0
github.com/calvarado2004/bakery-go/proto/bread.pb.go:2229.68,2231.14 2 0
github.com/calvarado2004/bakery-go/proto/bread.pb.go:2231.14,2233.34 2 0
github.com/calvarado2004/bakery-go/proto/bread.pb.go:2233.34,2235.4 1 0
github.com/calvarado2004/bakery-go/proto/bread.pb.go:2236.3,2236.12 1 0
github.com/calvarado2004/bakery-go/proto/bread.pb.go:2238.2,2238.24 1 0
github.com/calvarado2004/bakery-go/proto/bread.pb.go:2242.59,2244.2 1 0
github.com/calvarado2004/bakery-go/proto/bread.pb.go:2246.50,2247.14 1 0
github.com/calvarado2004/bakery-go/proto/bread.pb.go:2247.14,2249.3 1 0
github.com/calvarado2004/bakery-go/proto/bread.pb.go:2250.2,2250.11 1 0
github.com/calvarado2004/bakery-go/proto/bread.pb.go:2253.53,2254.14 1 0
github.com/calvarado2004/bakery-go/proto/bread.pb.go:2254.14,2256.3 1 0
github.com/calvarado2004/bakery-go/proto/bread.pb.go:2257.2,2257.11 1 0
github.com/calvarado2004/bakery-go/proto/bread.pb.go:2270.41,2275.2 4 0
github.com/calvarado2004/bakery-go/proto/bread.pb.go:2277.49,2279.2 1 0
github.com/calvarado2004/bakery-go/proto/bread.pb.go:2281.47,2281.48 0 0
github.com/calvarado2004/bakery-go/proto/bread.pb.go:2283.69,2285.14 2 0
github.com/calvarado2004/bakery-go/proto/bread.pb.go:2285.14,2287.34 2 0
github.com/calvarado2004/bakery-go/proto/bread.pb.go:2287.34,2289.4 1 0
github.com/calvarado2004/bakery-go/proto/bread.pb.go:2290.3,2290.12 1 0
github.com/calvarado2004/bakery-go/proto/bread.pb.go:2292.2,2292.24 1 0
github.com/calvarado2004/bakery-go/proto/bread.pb.go:2296.60,2298.2 1 0
github.com/calvarado2004/bakery-go/proto/bread.pb.go:2300.51,2301.14 1 0
github.com/calvarado2004/bakery-go/proto/bread.pb.go:2301.14,2303.3 1 0
github.com/calvarado2004/bakery-go/proto/bread.pb.go:2304.2,2304.14 1 0
github.com/calvarado2004/bakery-go/proto/bread.pb.go:2307.51,2308.14 1 0
github.com/calvarado2004/bakery-go/proto/bread.pb.go:2308.14,2310.3 1 0
github.com/calvarado2004/bakery-go/proto/bread.pb.go:2311.2,2311.11 1 0
github.com/calvarado2004/bakery-go/proto/bread.pb.go:2314.53,2315.14 1 0
github.com/calvarado2004/bakery-go/proto/bread.pb.go:2315.14,2317.3 1 0
github.com/calvarado2004/bakery-go/proto/bread.pb.go:2318.2,2318.11 1 0
github.com/calvarado2004/bakery-go/proto/bread.pb.go:2321.57,2322.14 1 0
github.com/calvarado2004/bakery-go/proto/bread.pb.go:2322.14,2324.3 1 0
github.com/calvarado2004/bakery-go/proto/bread.pb.go:2325.2,2325.12 1 0
github.com/calvarado2004/bakery-go/proto/bread.pb.go:2335.40,2340.2 4 0
github.com/calvarado2004/bakery-go/proto/bread.pb.go:2342.48,2344.2 1 0
github.com/calvarado2004/bakery-go/proto/bread.pb.go:2346.46,2346.47 0 0
github.com/calvarado2004/bakery-go/proto/bread.pb.go:2348.68,2350.14 2 0
github.com/calvarado2004/bakery-go/proto/bread.pb.go:2350.14,2352.34 2 0
github.com/calvarado2004/bakery-go/proto/bread.pb.go:2352.34,2354.4 1 0
github.com/calvarado2004/bakery-go/proto/bread.pb.go:2355.3,2355.12 1 0
github.com/calvarado2004/bakery-go/proto/bread.pb.go:2357.2,2357.24 1 0
github.com/calvarado2004/bakery-go/proto/bread.pb.go:2361.59,2363.2 1 0
github.com/calvarado2004/bakery-go/proto/bread.pb.go:2365.50,2366.14 1 0
github.com/calvarado2004/bakery-go/proto/bread.pb.go:2366.14,2368.3 1 0
github.com/calvarado2004/bakery-go/proto/bread.pb.go:2369.2,2369.11 1 0
github.com/calvarado2004/bakery-go/proto/bread.pb.go:2381.41,2386.2 4 0
github.com/calvarado2004/bakery-go/proto/bread.pb.go:2388.49,2390.2 1 0
github.com/calvarado2004/bakery-go/proto/bread.pb.go:2392.47,2392.48 0 0
github.com/calvarado2004/bakery-go/proto/bread.pb.go:2394.69,2396.14 2 0
github.com/calvarado2004/bakery-go/proto/bread.pb.go:2396.14,2398.34 2 0
github.com/calvarado2004/bakery-go/proto/bread.pb.go:2398.34,2400.4 1 0
github.com/calvarado2004/bakery-go/proto/bread.pb.go:2401.3,2401.12 1 0
github.com/calvarado2004/bakery-go/proto/bread.pb.go:2403.2,2403.24 1 0
github.com/calvarado2004/bakery-go/proto/bread.pb.go:2407.60,2409.2 1 0
github.com/calvarado2004/bakery-go/proto/bread.pb.go:2411.49,2412.14 1 0
github.com/calvarado2004/bakery-go/proto/bread.pb.go:2412.14,2414.3 1 0
github.com/calvarado2004/bakery-go/proto/bread.pb.go:2415.2,2415.14 1 0
github.com/calvarado2004/bakery-go/proto/bread.pb.go:2418.52,2419.14 1 0
github.com/calvarado2004/bakery-go/proto/bread.pb.go:2419.14,2421.3 1 0
github.com/calvarado2004/bakery-go/proto/bread.pb.go:2422.2,2422.11 1 0
github.com/calvarado2004/bakery-go/proto/bread.pb.go:2425.54,2426.14 1 0
github.com/calvarado2004/bakery-go/proto/bread.pb.go:2426.14,2428.3 1 0
github.com/calvarado2004/bakery-go/proto/bread.pb.go:2429.2,2429.11 1 0
github.com/calvarado2004/bakery-go/proto/bread.pb.go:2451.27,2456.2 4 0
github.com/calvarado2004/bakery-go/proto/bread.pb.go:2458.35,2460.2 1 0
github.com/calvarado2004/bakery-go/proto/bread.pb.go:2462.33,2462.34 0 0
github.com/calvarado2004/bakery-go/proto/bread.pb.go:2464.55,2466.14 2 0
github.com/calvarado2004/bakery-go/proto/bread.pb.go:2466.14,2468.34 2 0
github.com/calvarado2004/bakery-go/proto/bread.pb.go:2468.34,2470.4 1 0
github.com/calvarado2004/bakery-go/proto/bread.pb.go:2471.3,2471.12 1 0
github.com/calvarado2004/bakery-go/proto/bread.pb.go:2473.2,2473.24 1 0
github.com/calvarado2004/bakery-go/proto/bread.pb.go:2477.46,2479.2 1 0
github.com/calvarado2004/bakery-go/proto/bread.pb.go:2481.33,2482.14 1 0
github.com/calvarado2004/bakery-go/proto/bread.pb.go:2482.14,2484.3 1 0
github.com/calvarado2004/bakery-go/proto/bread.pb.go:2485.2,2485.10 1 0
github.com/calvarado2004/bakery-go/proto/bread.pb.go:2488.41,2489.14 1 0
github.com/calvarado2004/bakery-go/proto/bread.pb.go:2489.14,2491.3 1 0
github.com/calvarado2004/bakery-go/proto/bread.pb.go:2492.2,2492.10 1 0
github.com/calvarado2004/bakery-go/proto/bread.pb.go:2495.41,2496.14 1 0
github.com/calvarado2004/bakery-go/proto/bread.pb.go:2496.14,2498.3 1 0
github.com/calvarado2004/bakery-go/proto/bread.pb.go:2499.2,2499.10 1 0
github.com/calvarado2004/bakery-go/proto/bread.pb.go:2502.45,2503.14 1 0
github.com/calvarado2004/bakery-go/proto/bread.pb.go:2503.14,2505.3 1 0
github.com/calvarado2004/bakery-go/proto/bread.pb.go:2506.2,2506.11 1 0
github.com/calvarado2004/bakery-go/proto/bread.pb.go:2509.41,2510.14 1 0
github.com/calvarado2004/bakery-go/proto/bread.pb.go:2510.14,2512.3 1 0
github.com/calvarado2004/bakery-go/proto/bread.pb.go:2513.2,2513.10 1 0
github.com/calvarado2004/bakery-go/proto/bread.pb.go:2516.36,2517.14 1 0
github.com/calvarado2004/bakery-go/proto/bread.pb.go:2517.14,2519.3 1 0
github.com/calvarado2004/bakery-go/proto/bread.pb.go:2520.2,2520.10 1 0
github.com/calvarado2004/bakery-go/proto/bread.pb.go:2523.38,2524.14 1 0
github.com/calvarado2004/bakery-go/proto/bread.pb.go:2524.14,2526.3 1 0
github.com/calvarado2004/bakery-go/proto/bread.pb.go:2527.2,2527.10 1 0
github.com/calvarado2004/bakery-go/proto/bread.pb.go:2530.38,2531.14 1 0
github.com/calvarado2004/bakery-go/proto/bread.pb.go:2531.14,2533.3 1 0
github.com/calvarado2004/bakery-go/proto/bread.pb.go:2534.2,2534.11 1 0
github.com/calvarado2004/bakery-go/proto/bread.pb.go:2537.57,2538.14 1 0
github.com/calvarado2004/bakery-go/proto/bread.pb.go:2538.14,2540.3 1 0
github.com/calvarado2004/bakery-go/proto/bread.pb.go:2541.2,2541.12 1 0
github.com/calvarado2004/bakery-go/proto/bread.pb.go:2544.55,2545.14 1 0
github.com/calvarado2004/bakery-go/proto/bread.pb.go:2545.14,2547.3 1 0
github.com/calvarado2004/bakery-go/proto/bread.pb.go:2548.2,2548.12 1 0
github.com/calvarado2004/bakery-go/proto/bread.pb.go:2551.54,2552.14 1 0
github.com/calvarado2004/bakery-go/proto/bread.pb.go:2552.14,2554.3 1 0
github.com/calvarado2004/bakery-go/proto/bread.pb.go:2555.2,2555.12 1 0
github.com/calvarado2004/bakery-go/proto/bread.pb.go:2558.45,2559.14 1 0
github.com/calvarado2004/bakery-go/proto/bread.pb.go:2559.14,2561.3 1 0
github.com/calvarado2004/bakery-go/proto/bread.pb.go:2562.2,2562.12 1 0
github.com/calvarado2004/bakery-go/proto/bread.pb.go:2578.31,2583.2 4 0
github.com/calvarado2004/bakery-go/proto/bread.pb.go:2585.39,2587.2 1 0
github.com/calvarado2004/bakery-go/proto/bread.pb.go:2589.37,2589.38 0 0
github.com/calvarado2004/bakery-go/proto/bread.pb.go:2591.59,2593.14 2 0
github.com/calvarado2004/bakery-go/proto/bread.pb.go:2593.14,2595.34 2 0
github.com/calvarado2004/bakery-go/proto/bread.pb.go:2595.34,2597.4 1 0
github.com/calvarado2004/bakery-go/proto/bread.pb.go:2598.3,2598.12 1 0
github.com/calvarado2004/bakery-go/proto/bread.pb.go:2600.2,2600.24 1 0
github.com/calvarado2004/bakery-go/proto/bread.pb.go:2604.50,2606.2 1 0
github.com/calvarado2004/bakery-go/proto/bread.pb.go:2608.37,2609.14 1 0
github.com/calvarado2004/bakery-go/proto/bread.pb.go:2609.14,2611.3 1 0
github.com/calvarado2004/bakery-go/proto/bread.pb.go:2612.2,2612.10 1 0
github.com/calvarado2004/bakery-go/proto/bread.pb.go:2615.44,2616.14 1 0
github.com/calvarado2004/bakery-go/proto/bread.pb.go:2616.14,2618.3 1 0
github.com/calvarado2004/bakery-go/proto/bread.pb.go:2619.2,2619.10 1 0
github.com/calvarado2004/bakery-go/proto/bread.pb.go:2622.42,2623.14 1 0
github.com/calvarado2004/bakery-go/proto/bread.pb.go:2623.14,2625.3 1 0
github.com/calvarado2004/bakery-go/proto/bread.pb.go:2626.2,2626.10 1 0
github.com/calvarado2004/bakery-go/proto/bread.pb.go:2629.45,2630.14 1 0
github.com/calvarado2004/bakery-go/proto/bread.pb.go:2630.14,2632.3 1 0
github.com/calvarado2004/bakery-go/proto/bread.pb.go:2633.2,2633.11 1 0
github.com/calvarado2004/bakery-go/proto/bread.pb.go:2636.43,2637.14 1 0
github.com/calvarado2004/bakery-go/proto/bread.pb.go:2637.14,2639.3 1 0
github.com/calvarado2004/bakery-go/proto/bread.pb.go:2640.2,2640.10 1 0
github.com/calvarado2004/bakery-go/proto/bread.pb.go:2643.46,2644.14 1 0
github.com/calvarado2004/bakery-go/proto/bread.pb.go:2644.14,2646.3 1 0
github.com/calvarado2004/bakery-go/proto/bread.pb.go:2647.2,2647.10 1 0
github.com/calvarado2004/bakery-go/proto/bread.pb.go:2650.42,2651.14 1 0
github.com/calvarado2004/bakery-go/proto/bread.pb.go:2651.14,2653.3 1 0
github.com/calvarado2004/bakery-go/proto/bread.pb.go:2654.2,2654.10 1 0
github.com/calvarado2004/bakery-go/proto/bread.pb.go:2664.31,2669.2 4 0
github.com/calvarado2004/bakery-go/proto/bread.pb.go:2671.39,2673.2 1 0
github.com/calvarado2004/bakery-go/proto/bread.pb.go:2675.37,2675.38 0 0
github.com/calvarado2004/bakery-go/proto/bread.pb.go:2677.59,2679.14 2 0
github.com/calvarado2004/bakery-go/proto/bread.pb.go:2679.14,2681.34 2 0
github.com/calvarado2004/bakery-go/proto/bread.pb.go:2681.34,2683.4 1 0
github.com/calvarado2004/bakery-go/proto/bread.pb.go:2684.3,2684.12 1 0
github.com/calvarado2004/bakery-go/proto/bread.pb.go:2686.2,2686.24 1 0
github.com/calvarado2004/bakery-go/proto/bread.pb.go:2690.50,2692.2 1 0
github.com/calvarado2004/bakery-go/proto/bread.pb.go:2694.48,2695.14 1 0
github.com/calvarado2004/bakery-go/proto/bread.pb.go:2695.14,2697.3 1 0
github.com/calvarado2004/bakery-go/proto/bread.pb.go:2698.2,2698.12 1 0
github.com/calvarado2004/bakery-go/proto/bread.pb.go:2708.40,2713.2 4 0
github.com/calvarado2004/bakery-go/proto/bread.pb.go:2715.48,2717.2 1 0
github.com/calvarado2004/bakery-go/proto/bread.pb.go:2719.46,2719.47 0 0
github.com/calvarado2004/bakery-go/proto/bread.pb.go:2721.68,2723.14 2 0
github.com/calvarado2004/bakery-go/proto/bread.pb.go:2723.14,2725.34 2 0
github.com/calvarado2004/bakery-go/proto/bread.pb.go:2725.34,2727.4 1 0
github.com/calvarado2004/bakery-go/proto/bread.pb.go:2728.3,2728.12 1 0
github.com/calvarado2004/bakery-go/proto/bread.pb.go:2730.2,2730.24 1 0
github.com/calvarado2004/bakery-go/proto/bread.pb.go:2734.59,2736.2 1 0
github.com/calvarado2004/bakery-go/proto/bread.pb.go:2738.54,2739.14 1 0
github.com/calvarado2004/bakery-go/proto/bread.pb.go:2739.14,2741.3 1 0
github.com/calvarado2004/bakery-go/proto/bread.pb.go:2742.2,2742.10 1 0
github.com/calvarado2004/bakery-go/proto/bread.pb.go:2752.36,2757.2 4 0
github.com/calvarado2004/bakery-go/proto/bread.pb.go:2759.44,2761.2 1 0
github.com/calvarado2004/bakery-go/proto/bread.pb.go:2763.42,2763.43 0 0
github.com/calvarado2004/bakery-go/proto/bread.pb.go:2765.64,2767.14 2 0
github.com/calvarado2004/bakery-go/proto/bread.pb.go:2767.14,2769.34 2 0
github.com/calvarado2004/bakery-go/proto/bread.pb.go:2769.34,2771.4 1 0
github.com/calvarado2004/bakery-go/proto/bread.pb.go:2772.3,2772.12 1 0
github.com/calvarado2004/bakery-go/proto/bread.pb.go:2774.2,2774.24 1 0
github.com/calvarado2004/bakery-go/proto/bread.pb.go:2778.55,2780.2 1 0
github.com/calvarado2004/bakery-go/proto/bread.pb.go:2782.42,2783.14 1 0
github.com/calvarado2004/bakery-go/proto/bread.pb.go:2783.14,2785.3 1 0
github.com/calvarado2004/bakery-go/proto/bread.pb.go:2786.2,2786.10 1 0
github.com/calvarado2004/bakery-go/proto/bread.pb.go:2796.43,2801.2 4 0
github.com/calvarado2004/bakery-go/proto/bread.pb.go:2803.51,2805.2 1 0
github.com/calvarado2004/bakery-go/proto/bread.pb.go:2807.49,2807.50 0 0
github.com/calvarado2004/bakery-go/proto/bread.pb.go:2809.71,2811.14 2 0
github.com/calvarado2004/bakery-go/proto/bread.pb.go:2811.14,2813.34 2 0
github.com/calvarado2004/bakery-go/proto/bread.pb.go:2813.34,2815.4 1 0
github.com/calvarado2004/bakery-go/proto/bread.pb.go:2816.3,2816.12 1 0
github.com/calvarado2004/bakery-go/proto/bread.pb.go:2818.2,2818.24 1 0
github.com/calvarado2004/bakery-go/proto/bread.pb.go:2822.62,2824.2 1 0
github.com/calvarado2004/bakery-go/proto/bread.pb.go:2826.57,2827.14 1 0
github.com/calvarado2004/bakery-go/proto/bread.pb.go:2827.14,2829.3 1 0
github.com/calvarado2004/bakery-go/proto/bread.pb.go:2830.2,2830.10 1 0
github.com/calvarado2004/bakery-go/proto/bread.pb.go:2843.42,2848.2 4 0
github.com/calvarado2004/bakery-go/proto/bread.pb.go:2850.50,2852.2 1 0
github.com/calvarado2004/bakery-go/proto/bread.pb.go:2854.48,2854.49 0 0
github.com/calvarado2004/bakery-go/proto/bread.pb.go:2856.70,2858.14 2 0
github.com/calvarado2004/bakery-go/proto/bread.pb.go:2858.14,2860.34 2 0
github.com/calvarado2004/bakery-go/proto/bread.pb.go:2860.34,2862.4 1 0
github.com/calvarado2004/bakery-go/proto/bread.pb.go:2863.3,2863.12 1 0
github.com/calvarado2004/bakery-go/proto/bread.pb.go:2865.2,2865.24 1 0
github.com/calvarado2004/bakery-go/proto/bread.pb.go:2869.61,2871.2 1 0
github.com/calvarado2004/bakery-go/proto/bread.pb.go:2873.55,2874.14 1 0
github.com/calvarado2004/bakery-go/proto/bread.pb.go:2874.14,2876.3 1 0
github.com/calvarado2004/bakery-go/proto/bread.pb.go:2877.2,2877.11 1 0
github.com/calvarado2004/bakery-go/proto/bread.pb.go:2880.52,2881.14 1 0
github.com/calvarado2004/bakery-go/proto/bread.pb.go:2881.14,2883.3 1 0
github.com/calvarado2004/bakery-go/proto/bread.pb.go:2884.2,2884.11 1 0
github.com/calvarado2004/bakery-go/proto/bread.pb.go:2887.55,2888.14 1 0
github.com/calvarado2004/bakery-go/proto/bread.pb.go:2888.14,2890.3 1 0
github.com/calvarado2004/bakery-go/proto/bread.pb.go:2891.2,2891.11 1 0
github.com/calvarado2004/bakery-go/proto/bread.pb.go:2894.51,2895.14 1 0
github.com/calvarado2004/bakery-go/proto/bread.pb.go:2895.14,2897.3 1 0
github.com/calvarado2004/bakery-go/proto/bread.pb.go:2898.2,2898.11 1 0
github.com/calvarado2004/bakery-go/proto/bread.pb.go:2908.37,2913.2 4 0
github.com/calvarado2004/bakery-go/proto/bread.pb.go:2915.45,2917.2 1 0
github.com/calvarado2004/bakery-go/proto/bread.pb.go:2919.43,2919.44 0 0
github.com/calvarado2004/bakery-go/proto/bread.pb.go:2921.65,2923.14 2 0
github.com/calvarado2004/bakery-go/proto/bread.pb.go:2923.14,2925.34 2 0
github.com/calvarado2004/bakery-go/proto/bread.pb.go:2925.34,2927.4 1 0
github.com/calvarado2004/bakery-go/proto/bread.pb.go:2928.3,2928.12 1 0
github.com/calvarado2004/bakery-go/proto/bread.pb.go:2930.2,2930.24 1 0
github.com/calvarado2004/bakery-go/proto/bread.pb.go:2934.56,2936.2 1 0
github.com/calvarado2004/bakery-go/proto/bread.pb.go:2938.43,2939.14 1 0
github.com/calvarado2004/bakery-go/proto/bread.pb.go:2939.14,2941.3 1 0
github.com/calvarado2004/bakery-go/proto/bread.pb.go:2942.2,2942.10 1 0
github.com/calvarado2004/bakery-go/proto/bread.pb.go:2954.43,2959.2 4 0
github.com/calvarado2004/bakery-go/proto/bread.pb.go:2961.51,2963.2 1 0
github.com/calvarado2004/bakery-go/proto/bread.pb.go:2965.49,2965.50 0 0
github.com/calvarado2004/bakery-go/proto/bread.pb.go:2967.71,2969.14 2 0
github.com/calvarado2004/bakery-go/proto/bread.pb.go:2969.14,2971.34 2 0
github.com/calvarado2004/bakery-go/proto/bread.pb.go:2971.34,2973.4 1 0
github.com/calvarado2004/bakery-go/proto/bread.pb.go:2974.3,2974.12 1 0
github.com/calvarado2004/bakery-go/proto/bread.pb.go:2976.2,2976.24 1 0
github.com/calvarado2004/bakery-go/proto/bread.pb.go:2980.62,2982.2 1 0
github.com/calvarado2004/bakery-go/proto/bread.pb.go:2984.56,2985.14 1 0
github.com/calvarado2004/bakery-go/proto/bread.pb.go:2985.14,2987.3 1 0
github.com/calvarado2004/bakery-go/proto/bread.pb.go:2988.2,2988.12 1 0
github.com/calvarado2004/bakery-go/proto/bread.pb.go:2991.67,2992.14 1 0
github.com/calvarado2004/bakery-go/proto/bread.pb.go:2992.14,2994.3 1 0
github.com/calvarado2004/bakery-go/proto/bread.pb.go:2995.2,2995.12 1 0
github.com/calvarado2004/bakery-go/proto/bread.pb.go:2998.58,2999.14 1 0
github.com/calvarado2004/bakery-go/proto/bread.pb.go:2999.14,3001.3 1 0
github.com/calvarado2004/bakery-go/proto/bread.pb.go:3002.2,3002.10 1 0
github.com/calvarado2004/bakery-go/proto/bread.pb.go:3016.37,3021.2 4 0
github.com/calvarado2004/bakery-go/proto/bread.pb.go:3023.45,3025.2 1 0
github.com/calvarado2004/bakery-go/proto/bread.pb.go:3027.43,3027.44 0 0
github.com/calvarado2004/bakery-go/proto/bread.pb.go:3029.65,3031.14 2 0
github.com/calvarado2004/bakery-go/proto/bread.pb.go:3031.14,3033.34 2 0
github.com/calvarado2004/bakery-go/proto/bread.pb.go:3033.34,3035.4 1 0
github.com/calvarado2004/bakery-go/proto/bread.pb.go:3036.3,3036.12 1 0
github.com/calvarado2004/bakery-go/proto/bread.pb.go:3038.2,3038.24 1 0
github.com/calvarado2004/bakery-go/proto/bread.pb.go:3042.56,3044.2 1 0
github.com/calvarado2004/bakery-go/proto/bread.pb.go:3046.48,3047.14 1 0
github.com/calvarado2004/bakery-go/proto/bread.pb.go:3047.14,3049.3 1 0
github.com/calvarado2004/bakery-go/proto/bread.pb.go:3050.2,3050.14 1 0
github.com/calvarado2004/bakery-go/proto/bread.pb.go:3053.48,3054.14 1 0
github.com/calvarado2004/bakery-go/proto/bread.pb.go:3054.14,3056.3 1 0
github.com/calvarado2004/bakery-go/proto/bread.pb.go:3057.2,3057.10 1 0
github.com/calvarado2004/bakery-go/proto/bread.pb.go:3060.49,3061.14 1 0
github.com/calvarado2004/bakery-go/proto/bread.pb.go:3061.14,3063.3 1 0
github.com/calvarado2004/bakery-go/proto/bread.pb.go:3064.2,3064.11 1 0
github.com/calvarado2004/bakery-go/proto/bread.pb.go:3079.43,3084.2 4 0
github.com/calvarado2004/bakery-go/proto/bread.pb.go:3086.51,3088.2 1 0
github.com/calvarado2004/bakery-go/proto/bread.pb.go:3090.49,3090.50 0 0
github.com/calvarado2004/bakery-go/proto/bread.pb.go:3092.71,3094.14 2 0
github.com/calvarado2004/bakery-go/proto/bread.pb.go:3094.14,3096.34 2 0
github.com/calvarado2004/bakery-go/proto/bread.pb.go:3096.34,3098.4 1 0
github.com/calvarado2004/bakery-go/proto/bread.pb.go:3099.3,3099.12 1 0
github.com/calvarado2004/bakery-go/proto/bread.pb.go:3101.2,3101.24 1 0
github.com/calvarado2004/bakery-go/proto/bread.pb.go:3105.62,3107.2 1 0
github.com/calvarado2004/bakery-go/proto/bread.pb.go:3109.54,3110.14 1 0
github.com/calvarado2004/bakery-go/proto/bread.pb.go:3110.14,3112.3 1 0
github.com/calvarado2004/bakery-go/proto/bread.pb.go:3113.2,3113.10 1 0
github.com/calvarado2004/bakery-go/proto/bread.pb.go:3116.64,3117.14 1 0
github.com/calvarado2004/bakery-go/proto/bread.pb.go:3117.14,3119.3 1 0
github.com/calvarado2004/bakery-go/proto/bread.pb.go:3120.2,3120.10 1 0
github.com/calvarado2004/bakery-go/proto/bread.pb.go:3123.60,3124.14 1 0
github.com/calvarado2004/bakery-go/proto/bread.pb.go:3124.14,3126.3 1 0
github.com/calvarado2004/bakery-go/proto/bread.pb.go:3127.2,3127.11 1 0
github.com/calvarado2004/bakery-go/proto/bread.pb.go:3141.42,3146.2 4 0
github.com/calvarado2004/bakery-go/proto/bread.pb.go:3148.50,3150.2 1 0
github.com/calvarado2004/bakery-go/proto/bread.pb.go:3152.48,3152.49 0 0
github.com/calvarado2004/bakery-go/proto/bread.pb.go:3154.70,3156.14 2 0
github.com/calvarado2004/bakery-go/proto/bread.pb.go:3156.14,3158.34 2 0
github.com/calvarado2004/bakery-go/proto/bread.pb.go:3158.34,3160.4 1 0
github.com/calvarado2004/bakery-go/proto/bread.pb.go:3161.3,3161.12 1 0
github.com/calvarado2004/bakery-go/proto/bread.pb.go:3163.2,3163.24 1 0
github.com/calvarado2004/bakery-go/proto/bread.pb.go:3167.61,3169.2 1 0
github.com/calvarado2004/bakery-go/proto/bread.pb.go:3171.53,3172.14 1 0
github.com/calvarado2004/bakery-go/proto/bread.pb.go:3172.14,3174.3 1 0
github.com/calvarado2004/bakery-go/proto/bread.pb.go:3175.2,3175.14 1 0
github.com/calvarado2004/bakery-go/proto/bread.pb.go:3178.63,3179.14 1 0
github.com/calvarado2004/bakery-go/proto/bread.pb.go:3179.14,3181.3 1 0
github.com/calvarado2004/bakery-go/proto/bread.pb.go:3182.2,3182.10 1 0
github.com/calvarado2004/bakery-go/proto/bread.pb.go:3185.54,3186.14 1 0
github.com/calvarado2004/bakery-go/proto/bread.pb.go:3186.14,3188.3 1 0
github.com/calvarado2004/bakery-go/proto/bread.pb.go:3189.2,3189.11 1 0
github.com/calvarado2004/bakery-go/proto/bread.pb.go:3203.38,3208.2 4 0
github.com/calvarado2004/bakery-go/proto/bread.pb.go:3210.46,3212.2 1 0
github.com/calvarado2004/bakery-go/proto/bread.pb.go:3214.44,3214.45 0 0
github.com/calvarado2004/bakery-go/proto/bread.pb.go:3216.66,3218.14 2 0
github.com/calvarado2004/bakery-go/proto/bread.pb.go:3218.14,3220.34 2 0
github.com/calvarado2004/bakery-go/proto/bread.pb.go:3220.34,3222.4 1 0
github.com/calvarado2004/bakery-go/proto/bread.pb.go:3223.3,3223.12 1 0
github.com/calvarado2004/bakery-go/proto/bread.pb.go:3225.2,3225.24 1 0
github.com/calvarado2004/bakery-go/proto/bread.pb.go:3229.57,3231.2 1 0
github.com/calvarado2004/bakery-go/proto/bread.pb.go:3233.49,3234.14 1 0
github.com/calvarado2004/bakery-go/proto/bread.pb.go:3234.14,3236.3 1 0
github.com/calvarado2004/bakery-go/proto/bread.pb.go:3237.2,3237.10 1 0
github.com/calvarado2004/bakery-go/proto/bread.pb.go:3240.59,3241.14 1 0
github.com/calvarado2004/bakery-go/proto/bread.pb.go:3241.14,3243.3 1 0
github.com/calvarado2004/bakery-go/proto/bread.pb.go:3244.2,3244.10 1 0
github.com/calvarado2004/bakery-go/proto/bread.pb.go:3247.59,3248.14 1 0
github.com/calvarado2004/bakery-go/proto/bread.pb.go:3248.14,3250.3 1 0
github.com/calvarado2004/bakery-go/proto/bread.pb.go:3251.2,3251.10 1 0
github.com/calvarado2004/bakery-go/proto/bread.pb.go:3254.49,3255.14 1 0
github.com/calvarado2004/bakery-go/proto/bread.pb.go:3255.14,3257.3 1 0
github.com/calvarado2004/bakery-go/proto/bread.pb.go:3258.2,3258.11 1 0
github.com/calvarado2004/bakery-go/proto/bread.pb.go:3274.39,3279.2 4 0
github.com/calvarado2004/bakery-go/proto/bread.pb.go:3281.47,3283.2 1 0
github.com/calvarado2004/bakery-go/proto/bread.pb.go:3285.45,3285.46 0 0
github.com/calvarado2004/bakery-go/proto/bread.pb.go:3287.67,3289.14 2 0
github.com/calvarado2004/bakery-go/proto/bread.pb.go:3289.14,3291.34 2 0
github.com/calvarado2004/bakery-go/proto/bread.pb.go:3291.34,3293.4 1 0
github.com/calvarado2004/bakery-go/proto/bread.pb.go:3294.3,3294.12 1 0
github.com/calvarado2004/bakery-go/proto/bread.pb.go:3296.2,3296.24 1 0
github.com/calvarado2004/bakery-go/proto/bread.pb.go:3300.58,3302.2 1 0
github.com/calvarado2004/bakery-go/proto/bread.pb.go:3304.56,3305.14 1 0
github.com/calvarado2004/bakery-go/proto/bread.pb.go:3305.14,3307.3 1 0
github.com/calvarado2004/bakery-go/proto/bread.pb.go:3308.2,3308.11 1 0
github.com/calvarado2004/bakery-go/proto/bread.pb.go:3311.55,3312.14 1 0
github.com/calvarado2004/bakery-go/proto/bread.pb.go:3312.14,3314.3 1 0
github.com/calvarado2004/bakery-go/proto/bread.pb.go:3315.2,3315.11 1 0
github.com/calvarado2004/bakery-go/proto/bread.pb.go:3318.64,3319.14 1 0
github.com/calvarado2004/bakery-go/proto/bread.pb.go:3319.14,3321.3 1 0
github.com/calvarado2004/bakery-go/proto/bread.pb.go:3322.2,3322.12 1 0
github.com/calvarado2004/bakery-go/proto/bread.pb.go:3325.54,3326.14 1 0
github.com/calvarado2004/bakery-go/proto/bread.pb.go:3326.14,3328.3 1 0
github.com/calvarado2004/bakery-go/proto/bread.pb.go:3329.2,3329.10 1 0
github.com/calvarado2004/bakery-go/proto/bread.pb.go:3342.33,3347.2 4 0
github.com/calvarado2004/bakery-go/proto/bread.pb.go:3349.41,3351.2 1 0
github.com/calvarado2004/bakery-go/proto/bread.pb.go:3353.39,3353.40 0 0
github.com/calvarado2004/bakery-go/proto/bread.pb.go:3355.61,3357.14 2 0
github.com/calvarado2004/bakery-go/proto/bread.pb.go:3357.14,3359.34 2 0
github.com/calvarado2004/bakery-go/proto/bread.pb.go:3359.34,3361.4 1 0
github.com/calvarado2004/bakery-go/proto/bread.pb.go:3362.3,3362.12 1 0
github.com/calvarado2004/bakery-go/proto/bread.pb.go:3364.2,3364.24 1 0
github.com/calvarado2004/bakery-go/proto/bread.pb.go:3368.52,3370.2 1 0
github.com/calvarado2004/bakery-go/proto/bread.pb.go:3372.61,3373.14 1 0
github.com/calvarado2004/bakery-go/proto/bread.pb.go:3373.14,3375.3 1 0
github.com/calvarado2004/bakery-go/proto/bread.pb.go:3376.2,3376.12 1 0
github.com/calvarado2004/bakery-go/proto/bread.pb.go:3390.37,3395.2 4 0
github.com/calvarado2004/bakery-go/proto/bread.pb.go:3397.45,3399.2 1 0
github.com/calvarado2004/bakery-go/proto/bread.pb.go:3401.43,3401.44 0 0
github.com/calvarado2004/bakery-go/proto/bread.pb.go:3403.65,3405.14 2 0
github.com/calvarado2004/bakery-go/proto/bread.pb.go:3405.14,3407.34 2 0
github.com/calvarado2004/bakery-go/proto/bread.pb.go:3407.34,3409.4 1 0
github.com/calvarado2004/bakery-go/proto/bread.pb.go:3410.3,3410.12 1 0
github.com/calvarado2004/bakery-go/proto/bread.pb.go:3412.2,3412.24 1 0
github.com/calvarado2004/bakery-go/proto/bread.pb.go:3416.56,3418.2 1 0
github.com/calvarado2004/bakery-go/proto/bread.pb.go:3420.48,3421.14 1 0
github.com/calvarado2004/bakery-go/proto/bread.pb.go:3421.14,3423.3 1 0
github.com/calvarado2004/bakery-go/proto/bread.pb.go:3424.2,3424.14 1 0
github.com/calvarado2004/bakery-go/proto/bread.pb.go:3427.56,3428.14 1 0
github.com/calvarado2004/bakery-go/proto/bread.pb.go:3428.14,3430.3 1 0
github.com/calvarado2004/bakery-go/proto/bread.pb.go:3431.2,3431.10 1 0
github.com/calvarado2004/bakery-go/proto/bread.pb.go:3434.49,3435.14 1 0
github.com/calvarado2004/bakery-go/proto/bread.pb.go:3435.14,3437.3 1 0
github.com/calvarado2004/bakery-go/proto/bread.pb.go:3438.2,3438.11 1 0
github.com/calvarado2004/bakery-go/proto/bread.pb.go:3778.44,3779.41 1 0
github.com/calvarado2004/bakery-go/proto/bread.pb.go:3779.41,3781.3 1 0
github.com/calvarado2004/bakery-go/proto/bread.pb.go:3782.2,3782.37 1 0
github.com/calvarado2004/bakery-go/proto/bread.pb.go:3974.13,3974.40 1 0
github.com/calvarado2004/bakery-go/proto/bread.pb.go:3975.30,3976.29 1 0
github.com/calvarado2004/bakery-go/proto/bread.pb.go:3976.29,3978.3 1 0
github.com/calvarado2004/bakery-go/proto/bread.pb.go:3979.2,3995.32 5 0
github.com/calvarado2004/bakery-go/proto/bread_grpc.pb.go:40.70,42.2 1 0
github.com/calvarado2004/bakery-go/proto/bread_grpc.pb.go:44.125,48.16 4 0
github.com/calvarado2004/bakery-go/proto/bread_grpc.pb.go:48.16,50.3 1 0
github.com/calvarado2004/bakery-go/proto/bread_grpc.pb.go:51.2,51.17 1 0
github.com/calvarado2004/bakery-go/proto/bread_grpc.pb.go:54.133,58.16 4 0
github.com/calvarado2004/bakery-go/proto/bread_grpc.pb.go:58.16,60.3 1 0
github.com/calvarado2004/bakery-go/proto/bread_grpc.pb.go:61.2,61.17 1 0
github.com/calvarado2004/bakery-go/proto/bread_grpc.pb.go:64.158,67.16 3 0
github.com/calvarado2004/bakery-go/proto/bread_grpc.pb.go:67.16,69.3 1 0
github.com/calvarado2004/bakery-go/proto/bread_grpc.pb.go:70.2,71.51 2 0
github.com/calvarado2004/bakery-go/proto/bread_grpc.pb.go:71.51,73.3 1 0
github.com/calvarado2004/bakery-go/proto/bread_grpc.pb.go:74.2,74.51 1 0
github.com/calvarado2004/bakery-go/proto/bread_grpc.pb.go:74.51,76.3 1 0
github.com/calvarado2004/bakery-go/proto/bread_grpc.pb.go:77.2,77.15 1 0
github.com/calvarado2004/bakery-go/proto/bread_grpc.pb.go:100.103,102.2 1 0
github.com/calvarado2004/bakery-go/proto/bread_grpc.pb.go:103.111,105.2 1 0
github.com/calvarado2004/bakery-go/proto/bread_grpc.pb.go:106.117,108.2 1 0
github.com/calvarado2004/bakery-go/proto/bread_grpc.pb.go:109.78,109.79 0 0
github.com/calvarado2004/bakery-go/proto/bread_grpc.pb.go:110.78,110.79 0 0
github.com/calvarado2004/bakery-go/proto/bread_grpc.pb.go:119.76,124.59 1 0
github.com/calvarado2004/bakery-go/proto/bread_grpc.pb.go:124.59,126.3 1 0
github.com/calvarado2004/bakery-go/proto/bread_grpc.pb.go:127.2,127.48 1 0
github.com/calvarado2004/bakery-go/proto/bread_grpc.pb.go:130.164,132.32 2 0
github.com/calvarado2004/bakery-go/proto/bread_grpc.pb.go:132.32,134.3 1 0
github.com/calvarado2004/bakery-go/proto/bread_grpc.pb.go:135.2,135.24 1 0
github.com/calvarado2004/bakery-go/proto/bread_grpc.pb.go:135.24,137.3 1 0
github.com/calvarado2004/bakery-go/proto/bread_grpc.pb.go:138.2,142.77 2 0
github.com/calvarado2004/bakery-go/proto/bread_grpc.pb.go:142.77,144.3 1 0
github.com/calvarado2004/bakery-go/proto/bread_grpc.pb.go:145.2,145.44 1 0
github.com/calvarado2004/bakery-go/proto/bread_grpc.pb.go:148.172,150.32 2 0
github.com/calvarado2004/bakery-go/proto/bread_grpc.pb.go:150.32,152.3 1 0
github.com/calvarado2004/bakery-go/proto/bread_grpc.pb.go:153.2,153.24 1 0
github.com/calvarado2004/bakery-go/proto/bread_grpc.pb.go:153.24,155.3 1 0
github.com/calvarado2004/bakery-go/proto/bread_grpc.pb.go:156.2,160.77 2 0
github.com/calvarado2004/bakery-go/proto/bread_grpc.pb.go:160.77,162.3 1 0
github.com/calvarado2004/bakery-go/proto/bread_grpc.pb.go:163.2,163.44 1 0
github.com/calvarado2004/bakery-go/proto/bread_grpc.pb.go:166.90,168.42 2 0
github.com/calvarado2004/bakery-go/proto/bread_grpc.pb.go:168.42,170.3 1 0
github.com/calvarado2004/bakery-go/proto/bread_grpc.pb.go:171.2,171.127 1 0
github.com/calvarado2004/bakery-go/proto/bread_grpc.pb.go:220.80,222.2 1 0
github.com/calvarado2004/bakery-go/proto/bread_grpc.pb.go:224.140,228.16 4 0
github.com/calvarado2004/bakery-go/proto/bread_grpc.pb.go:228.16,230.3 1 0
github.com/calvarado2004/bakery-go/proto/bread_grpc.pb.go:231.2,231.17 1 0
github.com/calvarado2004/bakery-go/proto/bread_grpc.pb.go:234.173,237.16 3 0
github.com/calvarado2004/bakery-go/proto/bread_grpc.pb.go:237.16,239.3 1 0
github.com/calvarado2004/bakery-go/proto/bread_grpc.pb.go:240.2,241.51 2 0
github.com/calvarado2004/bakery-go/proto/bread_grpc.pb.go:241.51,243.3 1 0
github.com/calvarado2004/bakery-go/proto/bread_grpc.pb.go:244.2,244.51 1 0
github.com/calvarado2004/bakery-go/proto/bread_grpc.pb.go:244.51,246.3 1 0
github.com/calvarado2004/bakery-go/proto/bread_grpc.pb.go:247.2,247.15 1 0
github.com/calvarado2004/bakery-go/proto/bread_grpc.pb.go:269.118,271.2 1 0
github.com/calvarado2004/bakery-go/proto/bread_grpc.pb.go:272.132,274.2 1 0
github.com/calvarado2004/bakery-go/proto/bread_grpc.pb.go:275.88,275.89 0 0
github.com/calvarado2004/bakery-go/proto/bread_grpc.pb.go:276.88,276.89 0 0
github.com/calvarado2004/bakery-go/proto/bread_grpc.pb.go:285.86,290.59 1 0
github.com/calvarado2004/bakery-go/proto/bread_grpc.pb.go:290.59,292.3 1 0
github.com/calvarado2004/bakery-go/proto/bread_grpc.pb.go:293.2,293.53 1 0
github.com/calvarado2004/bakery-go/proto/bread_grpc.pb.go:296.179,298.32 2 0
github.com/calvarado2004/bakery-go/proto/bread_grpc.pb.go:298.32,300.3 1 0
github.com/calvarado2004/bakery-go/proto/bread_grpc.pb.go:301.2,301.24 1 0
github.com/calvarado2004/bakery-go/proto/bread_grpc.pb.go:301.24,303.3 1 0
github.com/calvarado2004/bakery-go/proto/bread_grpc.pb.go:304.2,308.77 2 0
github.com/calvarado2004/bakery-go/proto/bread_grpc.pb.go:308.77,310.3 1 0
github.com/calvarado2004/bakery-go/proto/bread_grpc.pb.go:311.2,311.44 1 0
github.com/calvarado2004/bakery-go/proto/bread_grpc.pb.go:314.105,316.42 2 0
github.com/calvarado2004/bakery-go/proto/bread_grpc.pb.go:316.42,318.3 1 0
github.com/calvarado2004/bakery-go/proto/bread_grpc.pb.go:319.2,319.142 1 0
github.com/calvarado2004/bakery-go/proto/bread_grpc.pb.go:364.68,366.2 1 0
github.com/calvarado2004/bakery-go/proto/bread_grpc.pb.go:368.123,372.16 4 0
github.com/calvarado2004/bakery-go/proto/bread_grpc.pb.go:372.16,374.3 1 0
github.com/calvarado2004/bakery-go/proto/bread_grpc.pb.go:375.2,375.17 1 0
github.com/calvarado2004/bakery-go/proto/bread_grpc.pb.go:378.156,381.16 3 0
github.com/calvarado2004/bakery-go/proto/bread_grpc.pb.go:381.16,383.3 1 0
github.com/calvarado2004/bakery-go/proto/bread_grpc.pb.go:384.2,385.51 2 0
github.com/calvarado2004/bakery-go/proto/bread_grpc.pb.go:385.51,387.3 1 0
github.com/calvarado2004/bakery-go/proto/bread_grpc.pb.go:388.2,388.51 1 0
github.com/calvarado2004/bakery-go/proto/bread_grpc.pb.go:388.51,390.3 1 0
github.com/calvarado2004/bakery-go/proto/bread_grpc.pb.go:391.2,391.15 1 0
github.com/calvarado2004/bakery-go/proto/bread_grpc.pb.go:413.101,415.2 1 0
github.com/calvarado2004/bakery-go/proto/bread_grpc.pb.go:416.115,418.2 1 0
github.com/calvarado2004/bakery-go/proto/bread_grpc.pb.go:419.76,419.77 0 0
github.com/calvarado2004/bakery-go/proto/bread_grpc.pb.go:420.76,420.77 0 0
github.com/calvarado2004/bakery-go/proto/bread_grpc.pb.go:429.74,434.59 1 0
github.com/calvarado2004/bakery-go/proto/bread_grpc.pb.go:434.59,436.3 1 0
github.com/calvarado2004/bakery-go/proto/bread_grpc.pb.go:437.2,437.47 1 0
github.com/calvarado2004/bakery-go/proto/bread_grpc.pb.go:440.162,442.32 2 0
github.com/calvarado2004/bakery-go/proto/bread_grpc.pb.go:442.32,444.3 1 0
github.com/calvarado2004/bakery-go/proto/bread_grpc.pb.go:445.2,445.24 1 0
github.com/calvarado2004/bakery-go/proto/bread_grpc.pb.go:445.24,447.3 1 0
github.com/calvarado2004/bakery-go/proto/bread_grpc.pb.go:448.2,452.77 2 0
github.com/calvarado2004/bakery-go/proto/bread_grpc.pb.go:452.77,454.3 1 0
github.com/calvarado2004/bakery-go/proto/bread_grpc.pb.go:455.2,455.44 1 0
github.com/calvarado2004/bakery-go/proto/bread_grpc.pb.go:458.88,460.42 2 0
github.com/calvarado2004/bakery-go/proto/bread_grpc.pb.go:460.42,462.3 1 0
github.com/calvarado2004/bakery-go/proto/bread_grpc.pb.go:463.2,463.125 1 0
github.com/calvarado2004/bakery-go/proto/bread_grpc.pb.go:508.82,510.2 1 0
github.com/calvarado2004/bakery-go/proto/bread_grpc.pb.go:512.136,516.16 4 0
github.com/calvarado2004/bakery-go/proto/bread_grpc.pb.go:516.16,518.3 1 0
github.com/calvarado2004/bakery-go/proto/bread_grpc.pb.go:519.2,519.17 1 0
github.com/calvarado2004/bakery-go/proto/bread_grpc.pb.go:522.169,525.16 3 0
github.com/calvarado2004/bakery-go/proto/bread_grpc.pb.go:525.16,527.3 1 0
github.com/calvarado2004/bakery-go/proto/bread_grpc.pb.go:528.2,529.51 2 0
github.com/calvarado2004/bakery-go/proto/bread_grpc.pb.go:529.51,531.3 1 0
github.com/calvarado2004/bakery-go/proto/bread_grpc.pb.go:532.2,532.51 1 0
github.com/calvarado2004/bakery-go/proto/bread_grpc.pb.go:532.51,534.3 1 0
github.com/calvarado2004/bakery-go/proto/bread_grpc.pb.go:535.2,535.15 1 0
github.com/calvarado2004/bakery-go/proto/bread_grpc.pb.go:557.114,559.2 1 0
github.com/calvarado2004/bakery-go/proto/bread_grpc.pb.go:560.128,562.2 1 0
github.com/calvarado2004/bakery-go/proto/bread_grpc.pb.go:563.90,563.91 0 0
github.com/calvarado2004/bakery-go/proto/bread_grpc.pb.go:564.90,564.91 0 0
github.com/calvarado2004/bakery-go/proto/bread_grpc.pb.go:573.88,578.59 1 0
github.com/calvarado2004/bakery-go/proto/bread_grpc.pb.go:578.59,580.3 1 0
github.com/calvarado2004/bakery-go/proto/bread_grpc.pb.go:581.2,581.54 1 0
github.com/calvarado2004/bakery-go/proto/bread_grpc.pb.go:584.169,586.32 2 0
github.com/calvarado2004/bakery-go/proto/bread_grpc.pb.go:586.32,588.3 1 0
github.com/calvarado2004/bakery-go/proto/bread_grpc.pb.go:589.2,589.24 1 0
github.com/calvarado2004/bakery-go/proto/bread_grpc.pb.go:589.24,591.3 1 0
github.com/calvarado2004/bakery-go/proto/bread_grpc.pb.go:592.2,596.77 2 0
github.com/calvarado2004/bakery-go/proto/bread_grpc.pb.go:596.77,598.3 1 0
github.com/calvarado2004/bakery-go/proto/bread_grpc.pb.go:599.2,599.44 1 0
github.com/calvarado2004/bakery-go/proto/bread_grpc.pb.go:602.95,604.42 2 0
github.com/calvarado2004/bakery-go/proto/bread_grpc.pb.go:604.42,606.3 1 0
github.com/calvarado2004/bakery-go/proto/bread_grpc.pb.go:607.2,607.138 1 0
github.com/calvarado2004/bakery-go/proto/bread_grpc.pb.go:652.80,654.2 1 0
github.com/calvarado2004/bakery-go/proto/bread_grpc.pb.go:656.132,660.16 4 0
github.com/calvarado2004/bakery-go/proto/bread_grpc.pb.go:660.16,662.3 1 0
github.com/calvarado2004/bakery-go/proto/bread_grpc.pb.go:663.2,663.17 1 0
github.com/calvarado2004/bakery-go/proto/bread_grpc.pb.go:666.165,669.16 3 0
github.com/calvarado2004/bakery-go/proto/bread_grpc.pb.go:669.16,671.3 1 0
github.com/calvarado2004/bakery-go/proto/bread_grpc.pb.go:672.2,673.51 2 0
github.com/calvarado2004/bakery-go/proto/bread_grpc.pb.go:673.51,675.3 1 0
github.com/calvarado2004/bakery-go/proto/bread_grpc.pb.go:676.2,676.51 1 0
github.com/calvarado2004/bakery-go/proto/bread_grpc.pb.go:676.51,678.3 1 0
github.com/calvarado2004/bakery-go/proto/bread_grpc.pb.go:679.2,679.15 1 0
github.com/calvarado2004/bakery-go/proto/bread_grpc.pb.go:701.110,703.2 1 0
github.com/calvarado2004/bakery-go/proto/bread_grpc.pb.go:704.124,706.2 1 0
github.com/calvarado2004/bakery-go/proto/bread_grpc.pb.go:707.88,707.89 0 0
github.com/calvarado2004/bakery-go/proto/bread_grpc.pb.go:708.88,708.89 0 0
github.com/calvarado2004/bakery-go/proto/bread_grpc.pb.go:717.86,722.59 1 0
github.com/calvarado2004/bakery-go/proto/bread_grpc.pb.go:722.59,724.3 1 0
github.com/calvarado2004/bakery-go/proto/bread_grpc.pb.go:725.2,725.53 1 0
github.com/calvarado2004/bakery-go/proto/bread_grpc.pb.go:728.171,730.32 2 0
github.com/calvarado2004/bakery-go/proto/bread_grpc.pb.go:730.32,732.3 1 0
github.com/calvarado2004/bakery-go/proto/bread_grpc.pb.go:733.2,733.24 1 0
github.com/calvarado2004/bakery-go/proto/bread_grpc.pb.go:733.24,735.3 1 0
github.com/calvarado2004/bakery-go/proto/bread_grpc.pb.go:736.2,740.77 2 0
github.com/calvarado2004/bakery-go/proto/bread_grpc.pb.go:740.77,742.3 1 0
github.com/calvarado2004/bakery-go/proto/bread_grpc.pb.go:743.2,743.44 1 0
github.com/calvarado2004/bakery-go/proto/bread_grpc.pb.go:746.97,748.42 2 0
github.com/calvarado2004/bakery-go/proto/bread_grpc.pb.go:748.42,750.3 1 0
github.com/calvarado2004/bakery-go/proto/bread_grpc.pb.go:751.2,751.134 1 0
github.com/calvarado2004/bakery-go/proto/bread_grpc.pb.go:796.84,798.2 1 0
github.com/calvarado2004/bakery-go/proto/bread_grpc.pb.go:800.132,804.16 4 0
github.com/calvarado2004/bakery-go/proto/bread_grpc.pb.go:804.16,806.3 1 0
github.com/calvarado2004/bakery-go/proto/bread_grpc.pb.go:807.2,807.17 1 0
github.com/calvarado2004/bakery-go/proto/bread_grpc.pb.go:810.165,813.16 3 0
github.com/calvarado2004/bakery-go/proto/bread_grpc.pb.go:813.16,815.3 1 0
github.com/calvarado2004/bakery-go/proto/bread_grpc.pb.go:816.2,817.51 2 0
github.com/calvarado2004/bakery-go/proto/bread_grpc.pb.go:817.51,819.3 1 0
github.com/calvarado2004/bakery-go/proto/bread_grpc.pb.go:820.2,820.51 1 0
github.com/calvarado2004/bakery-go/proto/bread_grpc.pb.go:820.51,822.3 1 0
github.com/calvarado2004/bakery-go/proto/bread_grpc.pb.go:823.2,823.15 1 0
github.com/calvarado2004/bakery-go/proto/bread_grpc.pb.go:845.110,847.2 1 0
github.com/calvarado2004/bakery-go/proto/bread_grpc.pb.go:848.124,850.2 1 0
github.com/calvarado2004/bakery-go/proto/bread_grpc.pb.go:851.92,851.93 0 0
github.com/calvarado2004/bakery-go/proto/bread_grpc.pb.go:852.92,852.93 0 0
github.com/calvarado2004/bakery-go/proto/bread_grpc.pb.go:861.90,866.59 1 0
github.com/calvarado2004/bakery-go/proto/bread_grpc.pb.go:866.59,868.3 1 0
github.com/calvarado2004/bakery-go/proto/bread_grpc.pb.go:869.2,869.55 1 0
github.com/calvarado2004/bakery-go/proto/bread_grpc.pb.go:872.171,874.32 2 0
github.com/calvarado2004/bakery-go/proto/bread_grpc.pb.go:874.32,876.3 1 0
github.com/calvarado2004/bakery-go/proto/bread_grpc.pb.go:877.2,877.24 1 0
github.com/calvarado2004/bakery-go/proto/bread_grpc.pb.go:877.24,879.3 1 0
github.com/calvarado2004/bakery-go/proto/bread_grpc.pb.go:880.2,884.77 2 0
github.com/calvarado2004/bakery-go/proto/bread_grpc.pb.go:884.77,886.3 1 0
github.com/calvarado2004/bakery-go/proto/bread_grpc.pb.go:887.2,887.44 1 0
github.com/calvarado2004/bakery-go/proto/bread_grpc.pb.go:890.97,892.42 2 0
github.com/calvarado2004/bakery-go/proto/bread_grpc.pb.go:892.42,894.3 1 0
github.com/calvarado2004/bakery-go/proto/bread_grpc.pb.go:895.2,895.134 1 0
github.com/calvarado2004/bakery-go/proto/bread_grpc.pb.go:966.76,968.2 1 0
github.com/calvarado2004/bakery-go/proto/bread_grpc.pb.go:970.130,974.16 4 0
github.com/calvarado2004/bakery-go/proto/bread_grpc.pb.go:974.16,976.3 1 0
github.com/calvarado2004/bakery-go/proto/bread_grpc.pb.go:977.2,977.17 1 0
github.com/calvarado2004/bakery-go/proto/bread_grpc.pb.go:980.126,984.16 4 0
github.com/calvarado2004/bakery-go/proto/bread_grpc.pb.go:984.16,986.3 1 0
github.com/calvarado2004/bakery-go/proto/bread_grpc.pb.go:987.2,987.17 1 0
github.com/calvarado2004/bakery-go/proto/bread_grpc.pb.go:990.130,994.16 4 0
github.com/calvarado2004/bakery-go/proto/bread_grpc.pb.go:994.16,996.3 1 0
github.com/calvarado2004/bakery-go/proto/bread_grpc.pb.go:997.2,997.17 1 0
github.com/calvarado2004/bakery-go/proto/bread_grpc.pb.go:1000.119,1004.16 4 0
github.com/calvarado2004/bakery-go/proto/bread_grpc.pb.go:1004.16,1006.3 1 0
github.com/calvarado2004/bakery-go/proto/bread_grpc.pb.go:1007.2,1007.17 1 0
github.com/calvarado2004/bakery-go/proto/bread_grpc.pb.go:1010.125,1014.16 4 0
github.com/calvarado2004/bakery-go/proto/bread_grpc.pb.go:1014.16,1016.3 1 0
github.com/calvarado2004/bakery-go/proto/bread_grpc.pb.go:1017.2,1017.17 1 0
github.com/calvarado2004/bakery-go/proto/bread_grpc.pb.go:1020.128,1024.16 4 0
github.com/calvarado2004/bakery-go/proto/bread_grpc.pb.go:1024.16,1026.3 1 0
github.com/calvarado2004/bakery-go/proto/bread_grpc.pb.go:1027.2,1027.17 1 0
github.com/calvarado2004/bakery-go/proto/bread_grpc.pb.go:1030.128,1034.16 4 0
github.com/calvarado2004/bakery-go/proto/bread_grpc.pb.go:1034.16,1036.3 1 0
github.com/calvarado2004/bakery-go/proto/bread_grpc.pb.go:1037.2,1037.17 1 0
github.com/calvarado2004/bakery-go/proto/bread_grpc.pb.go:1040.128,1044.16 4 0
github.com/calvarado2004/bakery-go/proto/bread_grpc.pb.go:1044.16,1046.3 1 0
github.com/calvarado2004/bakery-go/proto/bread_grpc.pb.go:1047.2,1047.17 1 0
github.com/calvarado2004/bakery-go/proto/bread_grpc.pb.go:1050.125,1054.16 4 0
github.com/calvarado2004/bakery-go/proto/bread_grpc.pb.go:1054.16,1056.3 1 0
github.com/calvarado2004/bakery-go/proto/bread_grpc.pb.go:1057.2,1057.17 1 0
github.com/calvarado2004/bakery-go/proto/bread_grpc.pb.go:1060.143,1064.16 4 0
github.com/calvarado2004/bakery-go/proto/bread_grpc.pb.go:1064.16,1066.3 1 0
github.com/calvarado2004/bakery-go/proto/bread_grpc.pb.go:1067.2,1067.17 1 0
github.com/calvarado2004/bakery-go/proto/bread_grpc.pb.go:1070.150,1074.16 4 0
github.com/calvarado2004/bakery-go/proto/bread_grpc.pb.go:1074.16,1076.3 1 0
github.com/calvarado2004/bakery-go/proto/bread_grpc.pb.go:1077.2,1077.17 1 0
github.com/calvarado2004/bakery-go/proto/bread_grpc.pb.go:1080.146,1084.16 4 0
github.com/calvarado2004/bakery-go/proto/bread_grpc.pb.go:1084.16,1086.3 1 0
github.com/calvarado2004/bakery-go/proto/bread_grpc.pb.go:1087.2,1087.17 1 0
github.com/calvarado2004/bakery-go/proto/bread_grpc.pb.go:1090.123,1094.16 4 0
github.com/calvarado2004/bakery-go/proto/bread_grpc.pb.go:1094.16,1096.3 1 0
github.com/calvarado2004/bakery-go/proto/bread_grpc.pb.go:1097.2,1097.17 1 0
github.com/calvarado2004/bakery-go/proto/bread_grpc.pb.go:1100.128,1104.16 4 0
github.com/calvarado2004/bakery-go/proto/bread_grpc.pb.go:1104.16,1106.3 1 0
github.com/calvarado2004/bakery-go/proto/bread_grpc.pb.go:1107.2,1107.17 1 0
github.com/calvarado2004/bakery-go/proto/bread_grpc.pb.go:1140.108,1142.2 1 0
github.com/calvarado2004/bakery-go/proto/bread_grpc.pb.go:1143.104,1145.2 1 0
github.com/calvarado2004/bakery-go/proto/bread_grpc.pb.go:1146.108,1148.2 1 0
github.com/calvarado2004/bakery-go/proto/bread_grpc.pb.go:1149.97,1151.2 1 0
github.com/calvarado2004/bakery-go/proto/bread_grpc.pb.go:1152.103,1154.2 1 0
github.com/calvarado2004/bakery-go/proto/bread_grpc.pb.go:1155.106,1157.2 1 0
github.com/calvarado2004/bakery-go/proto/bread_grpc.pb.go:1158.106,1160.2 1 0
github.com/calvarado2004/bakery-go/proto/bread_grpc.pb.go:1161.106,1163.2 1 0
github.com/calvarado2004/bakery-go/proto/bread_grpc.pb.go:1164.103,1166.2 1 0
github.com/calvarado2004/bakery-go/proto/bread_grpc.pb.go:1167.121,1169.2 1 0
github.com/calvarado2004/bakery-go/proto/bread_grpc.pb.go:1170.128,1172.2 1 0
github.com/calvarado2004/bakery-go/proto/bread_grpc.pb.go:1173.124,1175.2 1 0
github.com/calvarado2004/bakery-go/proto/bread_grpc.pb.go:1176.101,1178.2 1 0
github.com/calvarado2004/bakery-go/proto/bread_grpc.pb.go:1179.106,1181.2 1 0
github.com/calvarado2004/bakery-go/proto/bread_grpc.pb.go:1182.84,1182.85 0 0
github.com/calvarado2004/bakery-go/proto/bread_grpc.pb.go:1183.84,1183.85 0 0
github.com/calvarado2004/bakery-go/proto/bread_grpc.pb.go:1192.82,1197.59 1 0
github.com/calvarado2004/bakery-go/proto/bread_grpc.pb.go:1197.59,1199.3 1 0
github.com/calvarado2004/bakery-go/proto/bread_grpc.pb.go:1200.2,1200.51 1 0
github.com/calvarado2004/bakery-go/proto/bread_grpc.pb.go:1203.175,1205.32 2 0
github.com/calvarado2004/bakery-go/proto/bread_grpc.pb.go:1205.32,1207.3 1 0
github.com/calvarado2004/bakery-go/proto/bread_grpc.pb.go:1208.2,1208.24 1 0
github.com/calvarado2004/bakery-go/proto/bread_grpc.pb.go:1208.24,1210.3 1 0
github.com/calvarado2004/bakery-go/proto/bread_grpc.pb.go:1211.2,1215.77 2 0
github.com/calvarado2004/bakery-go/proto/bread_grpc.pb.go:1215.77,1217.3 1 0
github.com/calvarado2004/bakery-go/proto/bread_grpc.pb.go:1218.2,1218.44 1 0
github.com/calvarado2004/bakery-go/proto/bread_grpc.pb.go:1221.173,1223.32 2 0
github.com/calvarado2004/bakery-go/proto/bread_grpc.pb.go:1223.32,1225.3 1 0
github.com/calvarado2004/bakery-go/proto/bread_grpc.pb.go:1226.2,1226.24 1 0
github.com/calvarado2004/bakery-go/proto/bread_grpc.pb.go:1226.24,1228.3 1 0
github.com/calvarado2004/bakery-go/proto/bread_grpc.pb.go:1229.2,1233.77 2 0
github.com/calvarado2004/bakery-go/proto/bread_grpc.pb.go:1233.77,1235.3 1 0
github.com/calvarado2004/bakery-go/proto/bread_grpc.pb.go:1236.2,1236.44 1 0
github.com/calvarado2004/bakery-go/proto/bread_grpc.pb.go:1239.175,1241.32 2 0
github.com/calvarado2004/bakery-go/proto/bread_grpc.pb.go:1241.32,1243.3 1 0
github.com/calvarado2004/bakery-go/proto/bread_grpc.pb.go:1244.2,1244.24 1 0
github.com/calvarado2004/bakery-go/proto/bread_grpc.pb.go:1244.24,1246.3 1 0
github.com/calvarado2004/bakery-go/proto/bread_grpc.pb.go:1247.2,1251.77 2 0
github.com/calvarado2004/bakery-go/proto/bread_grpc.pb.go:1251.77,1253.3 1 0
github.com/calvarado2004/bakery-go/proto/bread_grpc.pb.go:1254.2,1254.44 1 0
github.com/calvarado2004/bakery-go/proto/bread_grpc.pb.go:1257.169,1259.32 2 0
github.com/calvarado2004/bakery-go/proto/bread_grpc.pb.go:1259.32,1261.3 1 0
github.com/calvarado2004/bakery-go/proto/bread_grpc.pb.go:1262.2,1262.24 1 0
github.com/calvarado2004/bakery-go/proto/bread_grpc.pb.go:1262.24,1264.3 1 0
github.com/calvarado2004/bakery-go/proto/bread_grpc.pb.go:1265.2,1269.77 2 0
github.com/calvarado2004/bakery-go/proto/bread_grpc.pb.go:1269.77,1271.3 1 0
github.com/calvarado2004/bakery-go/proto/bread_grpc.pb.go:1272.2,1272.44 1 0
github.com/calvarado2004/bakery-go/proto/bread_grpc.pb.go:1275.170,1277.32 2 0
github.com/calvarado2004/bakery-go/proto/bread_grpc.pb.go:1277.32,1279.3 1 0
github.com/calvarado2004/bakery-go/proto/bread_grpc.pb.go:1280.2,1280.24 1 0
github.com/calvarado2004/bakery-go/proto/bread_grpc.pb.go:1280.24,1282.3 1 0
github.com/calvarado2004/bakery-go/proto/bread_grpc.pb.go:1283.2,1287.77 2 0
github.com/calvarado2004/bakery-go/proto/bread_grpc.pb.go:1287.77,1289.3 1 0
github.com/calvarado2004/bakery-go/proto/bread_grpc.pb.go:1290.2,1290.44 1 0
github.com/calvarado2004/bakery-go/proto/bread_grpc.pb.go:1293.169,1295.32 2 0
github.com/calvarado2004/bakery-go/proto/bread_grpc.pb.go:1295.32,1297.3 1 0
github.com/calvarado2004/bakery-go/proto/bread_grpc.pb.go:1298.2,1298.24 1 0
github.com/calvarado2004/bakery-go/proto/bread_grpc.pb.go:1298.24,1300.3 1 0
github.com/calvarado2004/bakery-go/proto/bread_grpc.pb.go:1301.2,1305.77 2 0
github.com/calvarado2004/bakery-go/proto/bread_grpc.pb.go:1305.77,1307.3 1 0
github.com/calvarado2004/bakery-go/proto/bread_grpc.pb.go:1308.2,1308.44 1 0
github.com/calvarado2004/bakery-go/proto/bread_grpc.pb.go:1311.169,1313.32 2 0
github.com/calvarado2004/bakery-go/proto/bread_grpc.pb.go:1313.32,1315.3 1 0
github.com/calvarado2004/bakery-go/proto/bread_grpc.pb.go:1316.2,1316.24 1 0
github.com/calvarado2004/bakery-go/proto/bread_grpc.pb.go:1316.24,1318.3 1 0
github.com/calvarado2004/bakery-go/proto/bread_grpc.pb.go:1319.2,1323.77 2 0
github.com/calvarado2004/bakery-go/proto/bread_grpc.pb.go:1323.77,1325.3 1 0
github.com/calvarado2004/bakery-go/proto/bread_grpc.pb.go:1326.2,1326.44 1 0
github.com/calvarado2004/bakery-go/proto/bread_grpc.pb.go:1329.169,1331.32 2 0
github.com/calvarado2004/bakery-go/proto/bread_grpc.pb.go:1331.32,1333.3 1 0
github.com/calvarado2004/bakery-go/proto/bread_grpc.pb.go:1334.2,1334.24 1 0
github.com/calvarado2004/bakery-go/proto/bread_grpc.pb.go:1334.24,1336.3 1 0
github.com/calvarado2004/bakery-go/proto/bread_grpc.pb.go:1337.2,1341.77 2 0
github.com/calvarado2004/bakery-go/proto/bread_grpc.pb.go:1341.77,1343.3 1 0
github.com/calvarado2004/bakery-go/proto/bread_grpc.pb.go:1344.2,1344.44 1 0
github.com/calvarado2004/bakery-go/proto/bread_grpc.pb.go:1347.175,1349.32 2 0
github.com/calvarado2004/bakery-go/proto/bread_grpc.pb.go:1349.32,1351.3 1 0
github.com/calvarado2004/bakery-go/proto/bread_grpc.pb.go:1352.2,1352.24 1 0
github.com/calvarado2004/bakery-go/proto/bread_grpc.pb.go:1352.24,1354.3 1 0
github.com/calvarado2004/bakery-go/proto/bread_grpc.pb.go:1355.2,1359.77 2 0
github.com/calvarado2004/bakery-go/proto/bread_grpc.pb.go:1359.77,1361.3 1 0
github.com/calvarado2004/bakery-go/proto/bread_grpc.pb.go:1362.2,1362.44 1 0
github.com/calvarado2004/bakery-go/proto/bread_grpc.pb.go:1365.175,1367.32 2 0
github.com/calvarado2004/bakery-go/proto/bread_grpc.pb.go:1367.32,1369.3 1 0
github.com/calvarado2004/bakery-go/proto/bread_grpc.pb.go:1370.2,1370.24 1 0
github.com/calvarado2004/bakery-go/proto/bread_grpc.pb.go:1370.24,1372.3 1 0
github.com/calvarado2004/bakery-go/proto/bread_grpc.pb.go:1373.2,1377.77 2 0
github.com/calvarado2004/bakery-go/proto/bread_grpc.pb.go:1377.77,1379.3 1 0
github.com/calvarado2004/bakery-go/proto/bread_grpc.pb.go:1380.2,1380.44 1 0
github.com/calvarado2004/bakery-go/proto/bread_grpc.pb.go:1383.175,1385.32 2 0
github.com/calvarado2004/bakery-go/proto/bread_grpc.pb.go:1385.32,1387.3 1 0
github.com/calvarado2004/bakery-go/proto/bread_grpc.pb.go:1388.2,1388.24 1 0
github.com/calvarado2004/bakery-go/proto/bread_grpc.pb.go:1388.24,1390.3 1 0
github.com/calvarado2004/bakery-go/proto/bread_grpc.pb.go:1391.2,1395.77 2 0
github.com/calvarado2004/bakery-go/proto/bread_grpc.pb.go:1395.77,1397.3 1 0
github.com/calvarado2004/bakery-go/proto/bread_grpc.pb.go:1398.2,1398.44 1 0
github.com/calvarado2004/bakery-go/proto/bread_grpc.pb.go:1401.172,1403.32 2 0
github.com/calvarado2004/bakery-go/proto/bread_grpc.pb.go:1403.32,1405.3 1 0
github.com/calvarado2004/bakery-go/proto/bread_grpc.pb.go:1406.2,1406.24 1 0
github.com/calvarado2004/bakery-go/proto/bread_grpc.pb.go:1406.24,1408.3 1 0
github.com/calvarado2004/bakery-go/proto/bread_grpc.pb.go:1409.2,1413.77 2 0
github.com/calvarado2004/bakery-go/proto/bread_grpc.pb.go:1413.77,1415.3 1 0
github.com/calvarado2004/bakery-go/proto/bread_grpc.pb.go:1416.2,1416.44 1 0
github.com/calvarado2004/bakery-go/proto/bread_grpc.pb.go:1419.170,1421.32 2 0
github.com/calvarado2004/bakery-go/proto/bread_grpc.pb.go:1421.32,1423.3 1 0
github.com/calvarado2004/bakery-go/proto/bread_grpc.pb.go:1424.2,1424.24 1 0
github.com/calvarado2004/bakery-go/proto/bread_grpc.pb.go:1424.24,1426.3 1 0
github.com/calvarado2004/bakery-go/proto/bread_grpc.pb.go:1427.2,1431.77 2 0
github.com/calvarado2004/bakery-go/proto/bread_grpc.pb.go:1431.77,1433.3 1 0
github.com/calvarado2004/bakery-go/proto/bread_grpc.pb.go:1434.2,1434.44 1 0
github.com/calvarado2004/bakery-go/proto/bread_grpc.pb.go:1437.174,1439.32 2 0
github.com/calvarado2004/bakery-go/proto/bread_grpc.pb.go:1439.32,1441.3 1 0
github.com/calvarado2004/bakery-go/proto/bread_grpc.pb.go:1442.2,1442.24 1 0
github.com/calvarado2004/bakery-go/proto/bread_grpc.pb.go:1442.24,1444.3 1 0
github.com/calvarado2004/bakery-go/proto/bread_grpc.pb.go:1445.2,1449.77 2 0
github.com/calvarado2004/bakery-go/proto/bread_grpc.pb.go:1449.77,1451.3 1 0
github.com/calvarado2004/bakery-go/proto/bread_grpc.pb.go:1452.2,1452.44 1 0
github.com/calvarado2004/bakery-go/proto/bread_grpc.pb.go:1546.74,1548.2 1 0
github.com/calvarado2004/bakery-go/proto/bread_grpc.pb.go:1550.128,1554.16 4 0
github.com/calvarado2004/bakery-go/proto/bread_grpc.pb.go:1554.16,1556.3 1 0
github.com/calvarado2004/bakery-go/proto/bread_grpc.pb.go:1557.2,1557.17 1 0
github.com/calvarado2004/bakery-go/proto/bread_grpc.pb.go:1560.147,1564.16 4 0
github.com/calvarado2004/bakery-go/proto/bread_grpc.pb.go:1564.16,1566.3 1 0
github.com/calvarado2004/bakery-go/proto/bread_grpc.pb.go:1567.2,1567.17 1 0
github.com/calvarado2004/bakery-go/proto/bread_grpc.pb.go:1570.147,1574.16 4 0
github.com/calvarado2004/bakery-go/proto/bread_grpc.pb.go:1574.16,1576.3 1 0
github.com/calvarado2004/bakery-go/proto/bread_grpc.pb.go:1577.2,1577.17 1 0
github.com/calvarado2004/bakery-go/proto/bread_grpc.pb.go:1580.139,1584.16 4 0
github.com/calvarado2004/bakery-go/proto/bread_grpc.pb.go:1584.16,1586.3 1 0
github.com/calvarado2004/bakery-go/proto/bread_grpc.pb.go:1587.2,1587.17 1 0
github.com/calvarado2004/bakery-go/proto/bread_grpc.pb.go:1610.106,1612.2 1 0
github.com/calvarado2004/bakery-go/proto/bread_grpc.pb.go:1613.125,1615.2 1 0
github.com/calvarado2004/bakery-go/proto/bread_grpc.pb.go:1616.125,1618.2 1 0
github.com/calvarado2004/bakery-go/proto/bread_grpc.pb.go:1619.117,1621.2 1 0
github.com/calvarado2004/bakery-go/proto/bread_grpc.pb.go:1622.82,1622.83 0 0
github.com/calvarado2004/bakery-go/proto/bread_grpc.pb.go:1623.82,1623.83 0 0
github.com/calvarado2004/bakery-go/proto/bread_grpc.pb.go:1632.80,1637.59 1 0
github.com/calvarado2004/bakery-go/proto/bread_grpc.pb.go:1637.59,1639.3 1 0
github.com/calvarado2004/bakery-go/proto/bread_grpc.pb.go:1640.2,1640.50 1 0
github.com/calvarado2004/bakery-go/proto/bread_grpc.pb.go:1643.167,1645.32 2 0
github.com/calvarado2004/bakery-go/proto/bread_grpc.pb.go:1645.32,1647.3 1 0
github.com/calvarado2004/bakery-go/proto/bread_grpc.pb.go:1648.2,1648.24 1 0
github.com/calvarado2004/bakery-go/proto/bread_grpc.pb.go:1648.24,1650.3 1 0
github.com/calvarado2004/bakery-go/proto/bread_grpc.pb.go:1651.2,1655.77 2 0
github.com/calvarado2004/bakery-go/proto/bread_grpc.pb.go:1655.77,1657.3 1 0
github.com/calvarado2004/bakery-go/proto/bread_grpc.pb.go:1658.2,1658.44 1 0
github.com/calvarado2004/bakery-go/proto/bread_grpc.pb.go:1661.170,1663.32 2 0
github.com/calvarado2004/bakery-go/proto/bread_grpc.pb.go:1663.32,1665.3 1 0
github.com/calvarado2004/bakery-go/proto/bread_grpc.pb.go:1666.2,1666.24 1 0
github.com/calvarado2004/bakery-go/proto/bread_grpc.pb.go:1666.24,1668.3 1 0
github.com/calvarado2004/bakery-go/proto/bread_grpc.pb.go:1669.2,1673.77 2 0
github.com/calvarado2004/bakery-go/proto/bread_grpc.pb.go:1673.77,1675.3 1 0
github.com/calvarado2004/bakery-go/proto/bread_grpc.pb.go:1676.2,1676.44 1 0
github.com/calvarado2004/bakery-go/proto/bread_grpc.pb.go:1679.170,1681.32 2 0
github.com/calvarado2004/bakery-go/proto/bread_grpc.pb.go:1681.32,1683.3 1 0
github.com/calvarado2004/bakery-go/proto/bread_grpc.pb.go:1684.2,1684.24 1 0
github.com/calvarado2004/bakery-go/proto/bread_grpc.pb.go:1684.24,1686.3 1 0
github.com/calvarado2004/bakery-go/proto/bread_grpc.pb.go:1687.2,1691.77 2 0
github.com/calvarado2004/bakery-go/proto/bread_grpc.pb.go:1691.77,1693.3 1 0
github.com/calvarado2004/bakery-go/proto/bread_grpc.pb.go:1694.2,1694.44 1 0
github.com/calvarado2004/bakery-go/proto/bread_grpc.pb.go:1697.172,1699.32 2 0
github.com/calvarado2004/bakery-go/proto/bread_grpc.pb.go:1699.32,1701.3 1 0
github.com/calvarado2004/bakery-go/proto/bread_grpc.pb.go:1702.2,1702.24 1 0
github.com/calvarado2004/bakery-go/proto/bread_grpc.pb.go:1702.24,1704.3 1 0
github.com/calvarado2004/bakery-go/proto/bread_grpc.pb.go:1705.2,1709.77 2 0
github.com/calvarado2004/bakery-go/proto/bread_grpc.pb.go:1709.77,1711.3 1 0
github.com/calvarado2004/bakery-go/proto/bread_grpc.pb.go:1712.2,1712.44 1 0
github.com/calvarado2004/bakery-go/proto/bread_grpc.pb.go:1766.80,1768.2 1 0
github.com/calvarado2004/bakery-go/proto/bread_grpc.pb.go:1770.136,1774.16 4 0
github.com/calvarado2004/bakery-go/proto/bread_grpc.pb.go:1774.16,1776.3 1 0
github.com/calvarado2004/bakery-go/proto/bread_grpc.pb.go:1777.2,1777.17 1 0
github.com/calvarado2004/bakery-go/proto/bread_grpc.pb.go:1780.129,1784.16 4 0
github.com/calvarado2004/bakery-go/proto/bread_grpc.pb.go:1784.16,1786.3 1 0
github.com/calvarado2004/bakery-go/proto/bread_grpc.pb.go:1787.2,1787.17 1 0
github.com/calvarado2004/bakery-go/proto/bread_grpc.pb.go:1790.149,1794.16 4 0
github.com/calvarado2004/bakery-go/proto/bread_grpc.pb.go:1794.16,1796.3 1 0
github.com/calvarado2004/bakery-go/proto/bread_grpc.pb.go:1797.2,1797.17 1 0
github.com/calvarado2004/bakery-go/proto/bread_grpc.pb.go:1800.126,1804.16 4 0
github.com/calvarado2004/bakery-go/proto/bread_grpc.pb.go:1804.16,1806.3 1 0
github.com/calvarado2004/bakery-go/proto/bread_grpc.pb.go:1807.2,1807.17 1 0
github.com/calvarado2004/bakery-go/proto/bread_grpc.pb.go:1830.114,1832.2 1 0
github.com/calvarado2004/bakery-go/proto/bread_grpc.pb.go:1833.107,1835.2 1 0
github.com/calvarado2004/bakery-go/proto/bread_grpc.pb.go:1836.127,1838.2 1 0
github.com/calvarado2004/bakery-go/proto/bread_grpc.pb.go:1839.104,1841.2 1 0
github.com/calvarado2004/bakery-go/proto/bread_grpc.pb.go:1842.88,1842.89 0 0
github.com/calvarado2004/bakery-go/proto/bread_grpc.pb.go:1843.88,1843.89 0 0
github.com/calvarado2004/bakery-go/proto/bread_grpc.pb.go:1852.86,1857.59 1 0
github.com/calvarado2004/bakery-go/proto/bread_grpc.pb.go:1857.59,1859.3 1 0
github.com/calvarado2004/bakery-go/proto/bread_grpc.pb.go:1860.2,1860.53 1 0
github.com/calvarado2004/bakery-go/proto/bread_grpc.pb.go:1863.173,1865.32 2 0
github.com/calvarado2004/bakery-go/proto/bread_grpc.pb.go:1865.32,1867.3 1 0
github.com/calvarado2004/bakery-go/proto/bread_grpc.pb.go:1868.2,1868.24 1 0
github.com/calvarado2004/bakery-go/proto/bread_grpc.pb.go:1868.24,1870.3 1 0
github.com/calvarado2004/bakery-go/proto/bread_grpc.pb.go:1871.2,1875.77 2 0
github.com/calvarado2004/bakery-go/proto/bread_grpc.pb.go:1875.77,1877.3 1 0
github.com/calvarado2004/bakery-go/proto/bread_grpc.pb.go:1878.2,1878.44 1 0
github.com/calvarado2004/bakery-go/proto/bread_grpc.pb.go:1881.170,1883.32 2 0
github.com/calvarado2004/bakery-go/proto/bread_grpc.pb.go:1883.32,1885.3 1 0
github.com/calvarado2004/bakery-go/proto/bread_grpc.pb.go:1886.2,1886.24 1 0
github.com/calvarado2004/bakery-go/proto/bread_grpc.pb.go:1886.24,1888.3 1 0
github.com/calvarado2004/bakery-go/proto/bread_grpc.pb.go:1889.2,1893.77 2 0
github.com/calvarado2004/bakery-go/proto/bread_grpc.pb.go:1893.77,1895.3 1 0
github.com/calvarado2004/bakery-go/proto/bread_grpc.pb.go:1896.2,1896.44 1 0
github.com/calvarado2004/bakery-go/proto/bread_grpc.pb.go:1899.179,1901.32 2 0
github.com/calvarado2004/bakery-go/proto/bread_grpc.pb.go:1901.32,1903.3 1 0
github.com/calvarado2004/bakery-go/proto/bread_grpc.pb.go:1904.2,1904.24 1 0
github.com/calvarado2004/bakery-go/proto/bread_grpc.pb.go:1904.24,1906.3 1 0
github.com/calvarado2004/bakery-go/proto/bread_grpc.pb.go:1907.2,1911.77 2 0
github.com/calvarado2004/bakery-go/proto/bread_grpc.pb.go:1911.77,1913.3 1 0
github.com/calvarado2004/bakery-go/proto/bread_grpc.pb.go:1914.2,1914.44 1 0
github.com/calvarado2004/bakery-go/proto/bread_grpc.pb.go:1917.174,1919.32 2 0
github.com/calvarado2004/bakery-go/proto/bread_grpc.pb.go:1919.32,1921.3 1 0
github.com/calvarado2004/bakery-go/proto/bread_grpc.pb.go:1922.2,1922.24 1 0
github.com/calvarado2004/bakery-go/proto/bread_grpc.pb.go:1922.24,1924.3 1 0
github.com/calvarado2004/bakery-go/proto/bread_grpc.pb.go:1925.2,1929.77 2 0
github.com/calvarado2004/bakery-go/proto/bread_grpc.pb.go:1929.77,1931.3 1 0
github.com/calvarado2004/bakery-go/proto/bread_grpc.pb.go:1932.2,1932.44 1 0
github.com/calvarado2004/bakery-go/proto/bread_grpc.pb.go:1984.94,1986.2 1 0
github.com/calvarado2004/bakery-go/proto/bread_grpc.pb.go:1988.153,1992.16 4 0
github.com/calvarado2004/bakery-go/proto/bread_grpc.pb.go:1992.16,1994.3 1 0
github.com/calvarado2004/bakery-go/proto/bread_grpc.pb.go:1995.2,1995.17 1 0
github.com/calvarado2004/bakery-go/proto/bread_grpc.pb.go:1998.144,2002.16 4 0
github.com/calvarado2004/bakery-go/proto/bread_grpc.pb.go:2002.16,2004.3 1 0
github.com/calvarado2004/bakery-go/proto/bread_grpc.pb.go:2005.2,2005.17 1 0
github.com/calvarado2004/bakery-go/proto/bread_grpc.pb.go:2008.158,2012.16 4 0
github.com/calvarado2004/bakery-go/proto/bread_grpc.pb.go:2012.16,2014.3 1 0
github.com/calvarado2004/bakery-go/proto/bread_grpc.pb.go:2015.2,2015.17 1 0
github.com/calvarado2004/bakery-go/proto/bread_grpc.pb.go:2037.131,2039.2 1 0
github.com/calvarado2004/bakery-go/proto/bread_grpc.pb.go:2040.122,2042.2 1 0
github.com/calvarado2004/bakery-go/proto/bread_grpc.pb.go:2043.136,2045.2 1 0
github.com/calvarado2004/bakery-go/proto/bread_grpc.pb.go:2046.102,2046.103 0 0
github.com/calvarado2004/bakery-go/proto/bread_grpc.pb.go:2047.102,2047.103 0 0
github.com/calvarado2004/bakery-go/proto/bread_grpc.pb.go:2056.100,2061.59 1 0
github.com/calvarado2004/bakery-go/proto/bread_grpc.pb.go:2061.59,2063.3 1 0
github.com/calvarado2004/bakery-go/proto/bread_grpc.pb.go:2064.2,2064.60 1 0
github.com/calvarado2004/bakery-go/proto/bread_grpc.pb.go:2067.178,2069.32 2 0
github.com/calvarado2004/bakery-go/proto/bread_grpc.pb.go:2069.32,2071.3 1 0
github.com/calvarado2004/bakery-go/proto/bread_grpc.pb.go:2072.2,2072.24 1 0
github.com/calvarado2004/bakery-go/proto/bread_grpc.pb.go:2072.24,2074.3 1 0
github.com/calvarado2004/bakery-go/proto/bread_grpc.pb.go:2075.2,2079.77 2 0
github.com/calvarado2004/bakery-go/proto/bread_grpc.pb.go:2079.77,2081.3 1 0
github.com/calvarado2004/bakery-go/proto/bread_grpc.pb.go:2082.2,2082.44 1 0
github.com/calvarado2004/bakery-go/proto/bread_grpc.pb.go:2085.180,2087.32 2 0
github.com/calvarado2004/bakery-go/proto/bread_grpc.pb.go:2087.32,2089.3 1 0
github.com/calvarado2004/bakery-go/proto/bread_grpc.pb.go:2090.2,2090.24 1 0
github.com/calvarado2004/bakery-go/proto/bread_grpc.pb.go:2090.24,2092.3 1 0
github.com/calvarado2004/bakery-go/proto/bread_grpc.pb.go:2093.2,2097.77 2 0
github.com/calvarado2004/bakery-go/proto/bread_grpc.pb.go:2097.77,2099.3 1 0
github.com/calvarado2004/bakery-go/proto/bread_grpc.pb.go:2100.2,2100.44 1 0
github.com/calvarado2004/bakery-go/proto/bread_grpc.pb.go:2103.182,2105.32 2 0
github.com/calvarado2004/bakery-go/proto/bread_grpc.pb.go:2105.32,2107.3 1 0
github.com/calvarado2004/bakery-go/proto/bread_grpc.pb.go:2108.2,2108.24 1 0
github.com/calvarado2004/bakery-go/proto/bread_grpc.pb.go:2108.24,2110.3 1 0
github.com/calvarado2004/bakery-go/proto/bread_grpc.pb.go:2111.2,2115.77 2 0
github.com/calvarado2004/bakery-go/proto/bread_grpc.pb.go:2115.77,2117.3 1 0
github.com/calvarado2004/bakery-go/proto/bread_grpc.pb.go:2118.2,2118.44 1 0
github.com/calvarado2004/bakery-go/proto/bread_grpc.pb.go:2187.78,2189.2 1 0
github.com/calvarado2004/bakery-go/proto/bread_grpc.pb.go:2191.131,2195.16 4 0
github.com/calvarado2004/bakery-go/proto/bread_grpc.pb.go:2195.16,2197.3 1 0
github.com/calvarado2004/bakery-go/proto/bread_grpc.pb.go:2198.2,2198.17 1 0
github.com/calvarado2004/bakery-go/proto/bread_grpc.pb.go:2201.156,2205.16 4 0
github.com/calvarado2004/bakery-go/proto/bread_grpc.pb.go:2205.16,2207.3 1 0
github.com/calvarado2004/bakery-go/proto/bread_grpc.pb.go:2208.2,2208.17 1 0
github.com/calvarado2004/bakery-go/proto/bread_grpc.pb.go:2211.146,2215.16 4 0
github.com/calvarado2004/bakery-go/proto/bread_grpc.pb.go:2215.16,2217.3 1 0
github.com/calvarado2004/bakery-go/proto/bread_grpc.pb.go:2218.2,2218.17 1 0
github.com/calvarado2004/bakery-go/proto/bread_grpc.pb.go:2261.109,2263.2 1 0
github.com/calvarado2004/bakery-go/proto/bread_grpc.pb.go:2264.134,2266.2 1 0
github.com/calvarado2004/bakery-go/proto/bread_grpc.pb.go:2267.124,2269.2 1 0
github.com/calvarado2004/bakery-go/proto/bread_grpc.pb.go:2270.86,2270.87 0 0
github.com/calvarado2004/bakery-go/proto/bread_grpc.pb.go:2271.86,2271.87 0 0
github.com/calvarado2004/bakery-go/proto/bread_grpc.pb.go:2280.84,2285.59 1 0
github.com/calvarado2004/bakery-go/proto/bread_grpc.pb.go:2285.59,2287.3 1 0
github.com/calvarado2004/bakery-go/proto/bread_grpc.pb.go:2288.2,2288.52 1 0
github.com/calvarado2004/bakery-go/proto/bread_grpc.pb.go:2291.170,2293.32 2 0
github.com/calvarado2004/bakery-go/proto/bread_grpc.pb.go:2293.32,2295.3 1 0
github.com/calvarado2004/bakery-go/proto/bread_grpc.pb.go:2296.2,2296.24 1 0
github.com/calvarado2004/bakery-go/proto/bread_grpc.pb.go:2296.24,2298.3 1 0
github.com/calvarado2004/bakery-go/proto/bread_grpc.pb.go:2299.2,2303.77 2 0
github.com/calvarado2004/bakery-go/proto/bread_grpc.pb.go:2303.77,2305.3 1 0
github.com/calvarado2004/bakery-go/proto/bread_grpc.pb.go:2306.2,2306.44 1 0
github.com/calvarado2004/bakery-go/proto/bread_grpc.pb.go:2309.175,2311.32 2 0
github.com/calvarado2004/bakery-go/proto/bread_grpc.pb.go:2311.32,2313.3 1 0
github.com/calvarado2004/bakery-go/proto/bread_grpc.pb.go:2314.2,2314.24 1 0
github.com/calvarado2004/bakery-go/proto/bread_grpc.pb.go:2314.24,2316.3 1 0
github.com/calvarado2004/bakery-go/proto/bread_grpc.pb.go:2317.2,2321.77 2 0
github.com/calvarado2004/bakery-go/proto/bread_grpc.pb.go:2321.77,2323.3 1 0
github.com/calvarado2004/bakery-go/proto/bread_grpc.pb.go:2324.2,2324.44 1 0
github.com/calvarado2004/bakery-go/proto/bread_grpc.pb.go:2327.180,2329.32 2 0
github.com/calvarado2004/bakery-go/proto/bread_grpc.pb.go:2329.32,2331.3 1 0
github.com/calvarado2004/bakery-go/proto/bread_grpc.pb.go:2332.2,2332.24 1 0
github.com/calvarado2004/bakery-go/proto/bread_grpc.pb.go:2332.24,2334.3 1 0
github.com/calvarado2004/bakery-go/proto/bread_grpc.pb.go:2335.2,2339.77 2 0
github.com/calvarado2004/bakery-go/proto/bread_grpc.pb.go:2339.77,2341.3 1 0
github.com/calvarado2004/bakery-go/proto/bread_grpc.pb.go:2342.2,2342.44 1 0
github.com/calvarado2004/bakery-go/testutils/db_helper.go:16.40,18.2 1 0
github.com/calvarado2004/bakery-go/testutils/db_helper.go:21.43,43.31 4 0
github.com/calvarado2004/bakery-go/testutils/db_helper.go:43.31,44.88 1 0
github.com/calvarado2004/bakery-go/testutils/db_helper.go:44.88,46.4 1 0
github.com/calvarado2004/bakery-go/testutils/db_helper.go:50.2,63.32 2 0
github.com/calvarado2004/bakery-go/testutils/db_helper.go:63.32,64.104 1 0
github.com/calvarado2004/bakery-go/testutils/db_helper.go:64.104,66.4 1 0
github.com/calvarado2004/bakery-go/testutils/db_helper.go:69.2,69.12 1 0
github.com/calvarado2004/bakery-go/testutils/db_helper.go:73.43,90.32 4 0
github.com/calvarado2004/bakery-go/testutils/db_helper.go:90.32,91.104 1 0
github.com/calvarado2004/bakery-go/testutils/db_helper.go:91.104,93.4 1 0
github.com/calvarado2004/bakery-go/testutils/db_helper.go:96.2,96.12 1 0
github.com/calvarado2004/bakery-go/testutils/db_helper.go:100.65,105.114 4 0
github.com/calvarado2004/bakery-go/testutils/db_helper.go:105.114,107.3 1 0
github.com/calvarado2004/bakery-go/testutils/db_helper.go:108.2,108.19 1 0
github.com/calvarado2004/bakery-go/testutils/db_helper.go:114.42,139.27 5 0
github.com/calvarado2004/bakery-go/testutils/db_helper.go:139.27,140.127 1 0
github.com/calvarado2004/bakery-go/testutils/db_helper.go:140.127,142.4 1 0
github.com/calvarado2004/bakery-go/testutils/db_helper.go:145.2,145.12 1 0
github.com/calvarado2004/bakery-go/testutils/fixtures.go:31.62,33.16 2 0
github.com/calvarado2004/bakery-go/testutils/fixtures.go:33.16,35.3 1 0
github.com/calvarado2004/bakery-go/testutils/fixtures.go:38.2,39.25 2 0
github.com/calvarado2004/bakery-go/testutils/fixtures.go:39.25,40.85 1 0
github.com/calvarado2004/bakery-go/testutils/fixtures.go:40.85,41.9 1 0
github.com/calvarado2004/bakery-go/testutils/fixtures.go:43.3,43.40 1 0
github.com/calvarado2004/bakery-go/testutils/fixtures.go:46.2,54.86 3 0
github.com/calvarado2004/bakery-go/testutils/fixtures.go:54.86,56.57 2 0
github.com/calvarado2004/bakery-go/testutils/fixtures.go:56.57,58.4 1 0
github.com/calvarado2004/bakery-go/testutils/fixtures.go:62.2,66.16 4 0
github.com/calvarado2004/bakery-go/testutils/fixtures.go:66.16,68.3 1 0
github.com/calvarado2004/bakery-go/testutils/fixtures.go:69.2,72.70 2 0
github.com/calvarado2004/bakery-go/testutils/fixtures.go:72.70,74.3 1 0
github.com/calvarado2004/bakery-go/testutils/fixtures.go:76.2,76.27 1 0
github.com/calvarado2004/bakery-go/testutils/fixtures.go:76.27,77.36 1 0
github.com/calvarado2004/bakery-go/testutils/fixtures.go:77.36,79.4 1 0
github.com/calvarado2004/bakery-go/testutils/fixtures.go:83.3,83.16 1 0
github.com/calvarado2004/bakery-go/testutils/fixtures.go:86.2,86.16 1 0
github.com/calvarado2004/bakery-go/testutils/fixtures.go:90.43,92.16 2 0
github.com/calvarado2004/bakery-go/testutils/fixtures.go:92.16,94.3 1 0
github.com/calvarado2004/bakery-go/testutils/fixtures.go:95.2,95.48 1 0
github.com/calvarado2004/bakery-go/testutils/fixtures.go:99.51,107.44 4 0
github.com/calvarado2004/bakery-go/testutils/fixtures.go:107.44,123.79 3 0
github.com/calvarado2004/bakery-go/testutils/fixtures.go:123.79,125.4 1 0
github.com/calvarado2004/bakery-go/testutils/fixtures.go:126.3,126.38 1 0
github.com/calvarado2004/bakery-go/testutils/fixtures.go:130.2,130.44 1 0
github.com/calvarado2004/bakery-go/testutils/fixtures.go:130.44,143.79 3 0
github.com/calvarado2004/bakery-go/testutils/fixtures.go:143.79,145.4 1 0
github.com/calvarado2004/bakery-go/testutils/fixtures.go:146.3,146.38 1 0
github.com/calvarado2004/bakery-go/testutils/fixtures.go:149.2,149.12 1 0
github.com/calvarado2004/bakery-go/testutils/fixtures.go:153.27,154.70 1 0
github.com/calvarado2004/bakery-go/testutils/fixtures.go:154.70,156.3 1 0
github.com/calvarado2004/bakery-go/testutils/fixtures.go:161.68,164.34 3 0
github.com/calvarado2004/bakery-go/testutils/fixtures.go:164.34,166.17 2 0
github.com/calvarado2004/bakery-go/testutils/fixtures.go:166.17,170.18 4 0
github.com/calvarado2004/bakery-go/testutils/fixtures.go:170.18,172.5 1 0
github.com/calvarado2004/bakery-go/testutils/fixtures.go:173.4,174.17 2 0
github.com/calvarado2004/bakery-go/testutils/fixtures.go:175.9,177.4 1 0
github.com/calvarado2004/bakery-go/testutils/fixtures.go:178.3,178.30 1 0
github.com/calvarado2004/bakery-go/testutils/fixtures.go:180.2,180.65 1 0
github.com/calvarado2004/bakery-go/testutils/fixtures.go:184.60,187.34 3 0
github.com/calvarado2004/bakery-go/testutils/fixtures.go:187.34,190.17 2 0
github.com/calvarado2004/bakery-go/testutils/fixtures.go:190.17,193.4 2 0
github.com/calvarado2004/bakery-go/testutils/fixtures.go:194.3,195.30 2 0
github.com/calvarado2004/bakery-go/testutils/fixtures.go:197.2,197.66 1 0
github.com/calvarado2004/bakery-go/testutils/fixtures.go:201.41,203.2 1 0
github.com/calvarado2004/bakery-go/testutils/fixtures.go:206.30,208.2 1 0
github.com/calvarado2004/bakery-go/testutils/fixtures.go:211.34,213.2 1 0
github.com/calvarado2004/bakery-go/testutils/harness.go:60.48,71.86 3 0
github.com/calvarado2004/bakery-go/testutils/harness.go:71.86,73.58 2 0
github.com/calvarado2004/bakery-go/testutils/harness.go:73.58,75.4 1 0
github.com/calvarado2004/bakery-go/testutils/harness.go:79.2,81.16 3 0
github.com/calvarado2004/bakery-go/testutils/harness.go:81.16,83.3 1 0
github.com/calvarado2004/bakery-go/testutils/harness.go:86.2,86.66 1 0
github.com/calvarado2004/bakery-go/testutils/harness.go:86.66,88.3 1 0
github.com/calvarado2004/bakery-go/testutils/harness.go:91.2,92.16 2 0
github.com/calvarado2004/bakery-go/testutils/harness.go:92.16,94.3 1 0
github.com/calvarado2004/bakery-go/testutils/harness.go:95.2,98.16 3 0
github.com/calvarado2004/bakery-go/testutils/harness.go:98.16,100.3 1 0
github.com/calvarado2004/bakery-go/testutils/harness.go:101.2,103.10 2 0
github.com/calvarado2004/bakery-go/testutils/harness.go:107.66,109.34 2 0
github.com/calvarado2004/bakery-go/testutils/harness.go:109.34,111.17 2 0
github.com/calvarado2004/bakery-go/testutils/harness.go:111.17,114.4 2 0
github.com/calvarado2004/bakery-go/testutils/harness.go:115.3,115.37 1 0
github.com/calvarado2004/bakery-go/testutils/harness.go:117.2,117.80 1 0
github.com/calvarado2004/bakery-go/testutils/harness.go:121.51,123.16 2 0
github.com/calvarado2004/bakery-go/testutils/harness.go:123.16,125.3 1 0
github.com/calvarado2004/bakery-go/testutils/harness.go:126.2,126.13 1 0
github.com/calvarado2004/bakery-go/testutils/harness.go:130.68,133.2 2 0
github.com/calvarado2004/bakery-go/testutils/harness.go:136.58,139.2 2 0
github.com/calvarado2004/bakery-go/testutils/harness.go:142.66,145.2 2 0
github.com/calvarado2004/bakery-go/testutils/harness.go:148.59,150.2 1 0
github.com/calvarado2004/bakery-go/testutils/harness.go:153.59,155.2 1 0
github.com/calvarado2004/bakery-go/testutils/harness.go:158.36,160.2 1 0
github.com/calvarado2004/bakery-go/testutils/harness.go:163.47,165.2 1 0
github.com/calvarado2004/bakery-go/testutils/harness.go:168.41,170.2 1 0
github.com/calvarado2004/bakery-go/testutils/harness.go:175.34,178.2 0 0
github.com/calvarado2004/bakery-go/testutils/harness.go:181.43,183.27 2 0
github.com/calvarado2004/bakery-go/testutils/harness.go:183.27,184.57 1 0
github.com/calvarado2004/bakery-go/testutils/harness.go:184.57,187.4 1 0
github.com/calvarado2004/bakery-go/testutils/harness.go:189.2,189.12 1 0
github.com/calvarado2004/bakery-go/testutils/harness.go:193.45,195.27 2 0
github.com/calvarado2004/bakery-go/testutils/harness.go:195.27,196.84 1 0
github.com/calvarado2004/bakery-go/testutils/harness.go:196.84,198.4 1 0
github.com/calvarado2004/bakery-go/testutils/harness.go:200.2,200.12 1 0
github.com/calvarado2004/bakery-go/testutils/harness.go:204.39,213.31 4 0
github.com/calvarado2004/bakery-go/testutils/harness.go:213.31,215.3 1 0
github.com/calvarado2004/bakery-go/testutils/harness.go:217.2,222.32 2 0
github.com/calvarado2004/bakery-go/testutils/harness.go:222.32,224.3 1 0
github.com/calvarado2004/bakery-go/testutils/harness.go:225.2,225.12 1 0
github.com/calvarado2004/bakery-go/testutils/harness.go:229.75,237.2 1 0
github.com/calvarado2004/bakery-go/testutils/harness.go:240.97,244.16 2 0
github.com/calvarado2004/bakery-go/testutils/harness.go:244.16,246.3 1 0
github.com/calvarado2004/bakery-go/testutils/harness.go:248.2,248.9 1 0
github.com/calvarado2004/bakery-go/testutils/harness.go:249.23,251.21 2 0
github.com/calvarado2004/bakery-go/testutils/harness.go:252.29,253.73 1 0
github.com/calvarado2004/bakery-go/testutils/harness.go:258.63,260.2 1 0
github.com/calvarado2004/bakery-go/testutils/harness.go:263.67,265.2 1 0
github.com/calvarado2004/bakery-go/testutils/harness.go:268.86,270.16 2 0
github.com/calvarado2004/bakery-go/testutils/harness.go:270.16,272.3 1 0
github.com/calvarado2004/bakery-go/testutils/harness.go:273.2,274.53 2 0
github.com/calvarado2004/bakery-go/testutils/harness.go:274.53,276.3 1 0
github.com/calvarado2004/bakery-go/testutils/harness.go:277.2,277.20 1 0
github.com/calvarado2004/bakery-go/testutils/harness.go:281.89,283.16 2 0
github.com/calvarado2004/bakery-go/testutils/harness.go:283.16,285.3 1 0
github.com/calvarado2004/bakery-go/testutils/harness.go:286.2,287.53 2 0
github.com/calvarado2004/bakery-go/testutils/harness.go:287.53,292.53 2 0
github.com/calvarado2004/bakery-go/testutils/harness.go:292.53,294.4 1 0
github.com/calvarado2004/bakery-go/testutils/harness.go:295.3,295.24 1 0
github.com/calvarado2004/bakery-go/testutils/harness.go:297.2,297.20 1 0
github.com/calvarado2004/bakery-go/testutils/harness.go:307.95,309.16 2 0
github.com/calvarado2004/bakery-go/testutils/harness.go:309.16,311.3 1 0
github.com/calvarado2004/bakery-go/testutils/harness.go:312.2,313.60 2 0
github.com/calvarado2004/bakery-go/testutils/harness.go:313.60,315.3 1 0
github.com/calvarado2004/bakery-go/testutils/harness.go:316.2,316.27 1 0
github.com/calvarado2004/bakery-go/testutils/harness.go:320.42,322.16 2 0
github.com/calvarado2004/bakery-go/testutils/harness.go:322.16,324.3 1 0
github.com/calvarado2004/bakery-go/testutils/harness.go:325.2,325.26 1 0
github.com/calvarado2004/bakery-go/testutils/harness.go:325.26,326.64 1 0
github.com/calvarado2004/bakery-go/testutils/harness.go:326.64,328.4 1 0
github.com/calvarado2004/bakery-go/testutils/harness.go:329.3,330.46 2 0
github.com/calvarado2004/bakery-go/testutils/harness.go:330.46,332.4 1 0
github.com/calvarado2004/bakery-go/testutils/harness.go:333.3,333.11 1 0
github.com/calvarado2004/bakery-go/testutils/harness.go:335.2,336.11 2 0
github.com/calvarado2004/bakery-go/testutils/harness.go:340.52,361.78 6 0
github.com/calvarado2004/bakery-go/testutils/harness.go:361.78,363.3 1 0
github.com/calvarado2004/bakery-go/testutils/harness.go:366.2,377.78 3 0
github.com/calvarado2004/bakery-go/testutils/harness.go:377.78,379.3 1 0
github.com/calvarado2004/bakery-go/testutils/harness.go:381.2,381.12 1 0
github.com/calvarado2004/bakery-go/testutils/harness.go:385.66,387.34 2 0
github.com/calvarado2004/bakery-go/testutils/harness.go:387.34,389.17 2 0
github.com/calvarado2004/bakery-go/testutils/harness.go:389.17,392.4 2 0
github.com/calvarado2004/bakery-go/testutils/harness.go:393.3,393.30 1 0
github.com/calvarado2004/bakery-go/testutils/harness.go:395.2,395.59 1 0
github.com/calvarado2004/bakery-go/testutils/harness.go:399.39,408.16 6 0
github.com/calvarado2004/bakery-go/testutils/harness.go:408.16,410.3 1 0
github.com/calvarado2004/bakery-go/testutils/harness.go:411.2,411.63 1 0
github.com/calvarado2004/bakery-go/testutils/harness.go:411.63,413.3 1 0
github.com/calvarado2004/bakery-go/testutils/harness.go:416.2,418.16 3 0
github.com/calvarado2004/bakery-go/testutils/harness.go:418.16,420.3 1 0
github.com/calvarado2004/bakery-go/testutils/harness.go:421.2,421.63 1 0
github.com/calvarado2004/bakery-go/testutils/harness.go:421.63,423.3 1 0
github.com/calvarado2004/bakery-go/testutils/harness.go:425.2,425.12 1 0
github.com/calvarado2004/bakery-go/testutils/harness.go:429.69,438.2 5 0
github.com/calvarado2004/bakery-go/testutils/harness.go:441.68,449.2 5 0
github.com/calvarado2004/bakery-go/testutils/harness.go:452.72,460.2 5 0
github.com/calvarado2004/bakery-go/testutils/harness.go:463.63,471.2 5 0
github.com/calvarado2004/bakery-go/testutils/harness.go:474.71,483.2 5 0
